Brand,Model,CPU,GPU,RAM_GB,Storage_GB,Touchscreen,Weight_kg,Screen_Size_inch,Brand_Discount,Member_Discount
Acer,TravelMate P6,Intel Core Ultra 7 15500H,NVIDIA RTX 4070,32,4096,True,2.34,15.6,80,171.34
HP,Pavilion 15,Intel i5-14600H,NVIDIA RTX 4050,32,1024,True,2.34,16.0,90,125.9
Lenovo,Legion 5,Intel i7-14700H,NVIDIA RTX 4060,64,512,False,1.57,15.6,110,184.32
HP,Envy 13,Intel i9-14900HK,NVIDIA RTX 4070,64,256,True,2.97,17.3,90,232.93
Microsoft,Surface Laptop 5,Intel i7-14700H,NVIDIA RTX 4060,16,512,True,3.06,18.4,100,165.84
HP,Envy 13,Intel i5-14500H,NVIDIA RTX 3050,128,2048,True,1.87,15.6,90,135.94
Acer,Aspire 5,Intel i9-14900HK,NVIDIA RTX 4070,128,2048,True,1.54,16.0,80,241.13
Microsoft,Surface Laptop 5,Intel Core Ultra 7 15500H,Intel Arc A750M,64,1024,True,1.62,16.0,100,100.22
Dell,Inspiron 15,Intel i5-14500H,Intel Iris Xe,128,4096,True,1.22,14.0,120,178.42
Lenovo,IdeaPad 5,Intel i7-14800H,NVIDIA RTX 4080,32,512,True,3.2,18.4,110,159.86
Acer,TravelMate P6,AMD Ryzen 7 8800H,NVIDIA RTX 4070,128,2048,False,3.06,18.4,80,179.94
Acer,Aspire 5,AMD Ryzen 7 8800H,NVIDIA RTX 4060,32,2048,False,1.35,14.0,80,125.04
Microsoft,Surface Book 3,Intel i5-14600H,NVIDIA RTX 3050,8,512,False,2.48,16.0,100,89.11
Microsoft,Surface Laptop 5,Intel Core Ultra 7 15500H,Intel Arc A750M,64,2048,False,2.75,17.3,100,139.08
Lenovo,ThinkBook 14s,Intel i5-14600H,Intel Iris Xe,32,2048,True,1.04,14.0,110,120.05
Asus,ROG Zephyrus G15,AMD Ryzen 7 8800H,AMD Radeon 780M,8,256,False,1.63,15.6,100,133.67
Lenovo,Yoga Slim 7,Intel i7-14800H,NVIDIA RTX 4080,128,256,True,2.25,15.6,110,236.38
Asus,ExpertBook B9,Intel i7-14700H,NVIDIA RTX 4070,128,1024,False,1.77,16.0,100,174.82
Microsoft,Surface Book 3,AMD Ryzen 7 8800H,AMD Radeon 780M,32,256,False,2.72,18.4,100,126.1
Lenovo,ThinkBook 14s,AMD Ryzen 7 8800H,AMD Radeon 780M,128,2048,False,1.33,13.3,110,150.94
Asus,ZenBook 14,AMD Ryzen 9 8900HX,NVIDIA RTX 4070,128,1024,True,2.33,15.6,100,234.98
Lenovo,ThinkBook 14s,Intel i5-14500H,NVIDIA RTX 4050,128,1024,True,1.09,13.3,110,174.98
Microsoft,Surface Pro 8,AMD Ryzen 7 8800H,AMD Radeon 780M,32,1024,False,2.06,16.0,100,108.92
Acer,Predator Helios 300,AMD Ryzen 5 8600H,NVIDIA RTX 3050,64,256,True,1.21,13.3,80,145.43
Microsoft,Surface Laptop Studio,Intel i9-14900HK,NVIDIA RTX 4070,128,512,False,1.43,13.3,100,185.76
Acer,Nitro 5,AMD Ryzen 5 8600H,NVIDIA RTX 4050,32,2048,False,1.34,14.0,80,143.56
HP,Omen 15,Intel i7-14700H,NVIDIA RTX 4070,128,2048,False,2.69,17.3,90,179.94
Asus,ZenBook 14,Intel i5-14500H,NVIDIA RTX 4050,128,4096,True,1.61,15.6,100,222.15
Microsoft,Surface Laptop Studio,Intel i5-14600H,NVIDIA RTX 4050,32,512,False,1.96,15.6,100,96.36
HP,Pavilion 15,Intel Core Ultra 9 15700H,NVIDIA RTX 4070,128,2048,True,1.41,14.0,90,169.44
Asus,ROG Zephyrus G15,Intel i5-14500H,NVIDIA RTX 3050,64,1024,False,2.63,18.4,100,99.22
Microsoft,Surface Go 3,Intel i5-14500H,NVIDIA RTX 4050,32,256,False,1.96,16.0,100,114.1
Dell,XPS 15,AMD Ryzen 7 8800H,AMD Radeon 780M,64,4096,False,2.87,18.4,120,191.91
HP,Envy 13,Intel i9-14900HK,NVIDIA RTX 4070,8,4096,False,3.47,18.4,90,188.62
Acer,Nitro 5,Intel Core Ultra 9 15700H,NVIDIA RTX 4080,32,2048,False,2.98,18.4,80,175.85
Acer,Predator Helios 300,AMD Ryzen 9 8900HX,NVIDIA RTX 4080,16,512,True,1.46,14.0,80,166.96
Asus,ExpertBook B9,Intel Core Ultra 9 15700H,NVIDIA RTX 4070,32,256,True,3.32,18.4,100,148.3
Microsoft,Surface Book 3,Intel i7-14800H,NVIDIA RTX 4080,16,256,True,1.59,15.6,100,152.18
Asus,VivoBook S15,Intel Core Ultra 7 15500H,NVIDIA RTX 4060,128,256,False,2.21,15.6,100,197.37
Asus,ROG Zephyrus G15,Intel i7-14700H,NVIDIA RTX 4060,8,512,False,2.44,16.0,100,109.26
Acer,TravelMate P6,Intel Core Ultra 7 15500H,NVIDIA RTX 4060,16,4096,True,1.18,13.3,80,173.43
Asus,ExpertBook B9,Intel Core Ultra 9 15700H,NVIDIA RTX 4080,128,512,False,2.01,16.0,100,177.26
Dell,XPS 13,Intel i5-14500H,Intel Iris Xe,64,1024,False,1.35,13.3,120,117.26
Lenovo,Legion 5,AMD Ryzen 9 8900HX,NVIDIA RTX 4070,8,4096,True,2.89,18.4,110,195.82
Asus,ROG Zephyrus G15,Intel i5-14500H,Intel Iris Xe,8,256,True,1.05,14.0,100,81.48
Acer,Swift 3,Intel i7-14700H,NVIDIA RTX 4060,64,256,False,2.02,15.6,80,130.38
Dell,Latitude 7420,Intel i9-14900HK,NVIDIA RTX 4080,128,256,False,2.91,17.3,120,247.18
Acer,Swift 3,Intel i7-14800H,NVIDIA RTX 4060,8,1024,False,1.22,14.0,80,160.05
Acer,Predator Helios 300,Intel i9-14900HK,NVIDIA RTX 4080,64,2048,True,2.56,18.4,80,195.34
Asus,TUF Gaming F15,Intel Core Ultra 7 15500H,NVIDIA RTX 4070,8,256,False,1.35,13.3,100,106.48
Acer,Swift 3,Intel i5-14500H,NVIDIA RTX 4050,64,4096,True,2.84,18.4,80,186.31
Microsoft,Surface Book 3,AMD Ryzen 9 8900HX,NVIDIA RTX 4070,128,256,True,3.3,17.3,100,191.98
Lenovo,ThinkBook 14s,Intel i5-14600H,NVIDIA RTX 4050,32,1024,False,2.49,16.0,110,98.92
Microsoft,Surface Book 3,Intel i7-14700H,NVIDIA RTX 4070,32,4096,True,2.8,18.4,100,157.78
Dell,XPS 15,Intel i7-14700H,NVIDIA RTX 4060,32,2048,True,1.3,13.3,120,131.04
Asus,ROG Zephyrus G15,Intel i7-14800H,NVIDIA RTX 4070,64,2048,False,3.0,17.3,100,185.21
HP,Envy 13,Intel i7-14700H,NVIDIA RTX 4070,8,512,False,3.43,18.4,90,149.11
Microsoft,Surface Book 3,AMD Ryzen 5 8600H,NVIDIA RTX 4050,32,512,False,2.21,15.6,100,134.9
Microsoft,Surface Laptop Studio,Intel Core Ultra 7 15500H,NVIDIA RTX 4060,16,1024,False,2.65,17.3,100,120.02
Acer,Aspire 5,Intel i9-14900HK,NVIDIA RTX 4080,32,256,False,3.34,17.3,80,234.61
Lenovo,Yoga Slim 7,Intel i9-14900HK,NVIDIA RTX 4080,64,1024,True,1.46,13.3,110,226.46
Dell,Latitude 7420,Intel Core Ultra 9 15700H,NVIDIA RTX 4070,32,2048,False,1.15,13.3,120,154.85
Acer,Nitro 5,Intel Core Ultra 9 15700H,Intel Arc A750M,32,512,False,2.56,18.4,80,110.4
Asus,ZenBook 14,AMD Ryzen 9 8900HX,AMD Radeon 780M,16,512,True,1.18,13.3,100,148.15
Dell,XPS 13,Intel i5-14500H,Intel Iris Xe,8,1024,True,2.03,16.0,120,82.82
Microsoft,Surface Book 3,AMD Ryzen 7 8800H,NVIDIA RTX 4060,16,256,True,2.45,15.6,100,140.62
Lenovo,Yoga Slim 7,Intel Core Ultra 9 15700H,NVIDIA RTX 4070,16,2048,True,2.69,18.4,110,176.6
Dell,Inspiron 15,Intel i7-14700H,NVIDIA RTX 4060,8,1024,True,2.07,16.0,120,141.38
HP,Pavilion 15,Intel Core Ultra 9 15700H,NVIDIA RTX 4080,128,256,False,1.12,14.0,90,214.18
Dell,Alienware M15,Intel Core Ultra 7 15500H,Intel Arc A750M,8,512,False,2.9,18.4,120,96.96
Dell,XPS 15,Intel i5-14600H,NVIDIA RTX 3050,16,2048,True,1.15,14.0,120,112.37
Acer,Aspire 5,AMD Ryzen 7 8800H,NVIDIA RTX 4060,64,512,False,2.33,15.6,80,131.66
Microsoft,Surface Laptop Studio,AMD Ryzen 7 8800H,AMD Radeon 780M,64,256,True,1.61,15.6,100,173.43
Asus,ExpertBook B9,Intel i9-14900HK,NVIDIA RTX 4070,128,256,True,1.0,14.0,100,272.27
HP,EliteBook 840,Intel Core Ultra 9 15700H,NVIDIA RTX 4080,8,1024,True,2.92,17.3,90,165.38
Acer,Nitro 5,Intel Core Ultra 9 15700H,NVIDIA RTX 4070,16,2048,False,1.15,13.3,80,171.7
Asus,ExpertBook B9,Intel Core Ultra 7 15500H,Intel Arc A750M,128,4096,True,2.63,17.3,100,197.65
HP,Spectre x360,Intel i7-14700H,NVIDIA RTX 4060,8,1024,False,1.26,14.0,90,160.05
Acer,Swift 3,Intel i5-14600H,Intel Iris Xe,64,256,True,2.75,17.3,80,101.38
Lenovo,ThinkBook 14s,Intel i5-14600H,NVIDIA RTX 3050,16,4096,False,1.52,15.6,110,114.46
HP,Envy 13,Intel Core Ultra 7 15500H,NVIDIA RTX 4060,128,512,True,1.49,14.0,90,205.46
Lenovo,Yoga Slim 7,Intel i7-14800H,NVIDIA RTX 4080,64,4096,True,2.79,18.4,110,228.7
Asus,ROG Zephyrus G15,AMD Ryzen 9 8900HX,NVIDIA RTX 4070,16,4096,True,2.24,15.6,100,232.93
Asus,VivoBook S15,Intel i7-14800H,NVIDIA RTX 4080,16,512,False,2.2,15.6,100,176.95
Asus,TUF Gaming F15,AMD Ryzen 7 8800H,NVIDIA RTX 4070,16,256,True,2.91,17.3,100,185.05
Lenovo,IdeaPad 5,AMD Ryzen 5 8600H,NVIDIA RTX 3050,64,1024,True,1.21,13.3,110,129.26
Dell,XPS 13,Intel Core Ultra 9 15700H,NVIDIA RTX 4070,64,4096,True,1.43,14.0,120,154.08
Dell,Alienware M15,Intel i9-14900HK,NVIDIA RTX 4080,64,512,False,3.0,18.4,120,181.66
Asus,ExpertBook B9,Intel Core Ultra 9 15700H,Intel Arc A750M,64,256,True,1.43,13.3,100,113.86
Microsoft,Surface Pro 8,Intel i5-14500H,NVIDIA RTX 3050,8,256,False,1.37,13.3,100,71.48
Microsoft,Surface Go 3,Intel Core Ultra 7 15500H,NVIDIA RTX 4060,32,1024,False,2.06,15.6,100,148.99
Lenovo,Legion 5,AMD Ryzen 9 8900HX,NVIDIA RTX 4080,128,256,False,2.04,16.0,110,247.18
Dell,XPS 15,Intel Core Ultra 7 15500H,Intel Arc A750M,16,512,True,2.57,17.3,120,78.46
Dell,XPS 13,Intel i5-14600H,NVIDIA RTX 4050,128,256,False,2.66,17.3,120,133.48
Dell,Alienware M15,Intel Core Ultra 9 15700H,NVIDIA RTX 4070,8,256,True,1.34,14.0,120,112.48
Dell,XPS 13,AMD Ryzen 7 8800H,NVIDIA RTX 4060,16,256,False,1.48,13.3,120,153.55
Microsoft,Surface Laptop Studio,Intel i7-14700H,NVIDIA RTX 4060,32,512,False,1.45,13.3,100,117.36
Dell,XPS 13,Intel i7-14800H,NVIDIA RTX 4080,128,2048,True,2.21,15.6,120,247.13
Acer,Predator Helios 300,Intel Core Ultra 9 15700H,NVIDIA RTX 4070,16,2048,True,1.29,13.3,80,128.64
Acer,Nitro 5,Intel i7-14800H,NVIDIA RTX 4060,8,4096,False,2.7,17.3,80,178.05
HP,Pavilion 15,Intel i9-14900HK,NVIDIA RTX 4080,8,512,False,2.45,15.6,90,222.96
Dell,Inspiron 15,Intel i7-14700H,NVIDIA RTX 4060,16,512,True,1.04,14.0,120,169.34
Dell,XPS 15,Intel i5-14600H,NVIDIA RTX 3050,128,4096,True,2.68,17.3,120,204.65
Dell,XPS 15,Intel i9-14900HK,NVIDIA RTX 4080,16,1024,False,1.39,13.3,120,163.52
Lenovo,ThinkBook 14s,Intel i5-14500H,NVIDIA RTX 4050,16,4096,False,1.43,13.3,110,148.93
Microsoft,Surface Book 3,Intel i5-14600H,NVIDIA RTX 4050,16,512,True,2.03,16.0,100,134.34
Asus,ZenBook 14,Intel Core Ultra 7 15500H,NVIDIA RTX 4070,64,512,True,2.39,16.0,100,137.66
HP,Omen 15,Intel Core Ultra 7 15500H,NVIDIA RTX 4060,128,256,True,2.74,17.3,90,176.38
Microsoft,Surface Laptop 5,Intel Core Ultra 7 15500H,NVIDIA RTX 4070,16,512,False,1.07,13.3,100,114.96
HP,Pavilion 15,Intel i7-14800H,NVIDIA RTX 4070,32,256,True,3.18,17.3,90,166.3
HP,EliteBook 840,Intel i7-14800H,NVIDIA RTX 4080,64,4096,True,3.32,17.3,90,190.58
HP,Envy 13,Intel i5-14500H,NVIDIA RTX 3050,8,2048,True,1.42,14.0,90,103.73
HP,Omen 15,Intel Core Ultra 7 15500H,NVIDIA RTX 4070,32,4096,False,1.17,13.3,90,194.99
Lenovo,ThinkPad X1 Carbon,Intel i7-14700H,NVIDIA RTX 4070,128,1024,True,1.36,13.3,110,251.05
Dell,Inspiron 15,AMD Ryzen 5 8600H,NVIDIA RTX 3050,32,1024,True,2.04,15.6,120,129.39
Dell,XPS 15,Intel i7-14700H,NVIDIA RTX 4070,8,4096,False,1.54,15.6,120,170.62
Asus,ExpertBook B9,AMD Ryzen 9 8900HX,AMD Radeon 780M,32,4096,False,1.44,13.3,100,192.89
Asus,ROG Zephyrus G15,AMD Ryzen 9 8900HX,NVIDIA RTX 4070,32,4096,False,1.41,13.3,100,231.39
Lenovo,ThinkPad X1 Carbon,AMD Ryzen 9 8900HX,NVIDIA RTX 4080,128,1024,True,1.28,14.0,110,261.98
Asus,VivoBook S15,Intel i5-14500H,NVIDIA RTX 4050,32,1024,True,2.58,17.3,100,146.89
Acer,Swift 3,Intel i7-14700H,NVIDIA RTX 4070,8,1024,True,1.31,13.3,80,131.32
Acer,Aspire 5,Intel i7-14700H,NVIDIA RTX 4060,8,256,False,1.4,14.0,80,106.48
Asus,ROG Zephyrus G15,AMD Ryzen 5 8600H,AMD Radeon 680M,64,2048,True,1.49,13.3,100,152.38
HP,Spectre x360,Intel i7-14800H,NVIDIA RTX 4070,32,4096,False,2.81,17.3,90,151.78
Lenovo,Yoga Slim 7,Intel i7-14700H,NVIDIA RTX 4060,64,512,True,2.98,17.3,110,137.66
Dell,Alienware M15,Intel i5-14600H,NVIDIA RTX 3050,8,256,False,1.2,13.3,120,90.58
Asus,ROG Zephyrus G15,Intel i5-14600H,NVIDIA RTX 4050,16,512,False,3.48,18.4,100,107.95
Dell,Alienware M15,Intel i5-14600H,NVIDIA RTX 4050,128,512,False,1.01,13.3,120,164.71
Lenovo,ThinkBook 14s,Intel i9-14900HK,NVIDIA RTX 4070,128,1024,False,1.01,14.0,110,230.78
Acer,Aspire 5,Intel Core Ultra 7 15500H,NVIDIA RTX 4060,128,4096,False,3.01,17.3,80,224.25
Lenovo,ThinkPad X1 Carbon,Intel i9-14900HK,NVIDIA RTX 4070,8,512,False,1.69,16.0,110,167.11
Asus,ExpertBook B9,Intel i5-14600H,NVIDIA RTX 4050,64,1024,True,2.51,18.4,100,141.26
Lenovo,ThinkBook 14s,Intel i5-14500H,Intel Iris Xe,16,256,True,1.37,13.3,110,96.82
HP,Envy 13,Intel i7-14800H,NVIDIA RTX 4080,128,256,True,3.18,17.3,90,236.38
Acer,Aspire 5,Intel i9-14900HK,NVIDIA RTX 4070,64,256,False,1.56,16.0,80,160.38
Asus,VivoBook S15,Intel i5-14500H,NVIDIA RTX 3050,16,512,False,1.35,14.0,100,75.96
Lenovo,Yoga Slim 7,AMD Ryzen 9 8900HX,NVIDIA RTX 4070,16,4096,False,2.82,17.3,110,160.38
HP,EliteBook 840,Intel i7-14800H,NVIDIA RTX 4070,128,512,True,1.35,13.3,90,247.46
Microsoft,Surface Laptop 5,AMD Ryzen 5 8600H,NVIDIA RTX 4050,64,4096,True,1.64,16.0,100,186.31
HP,Pavilion 15,Intel i7-14800H,NVIDIA RTX 4060,32,4096,False,2.53,17.3,90,136.78
Dell,Latitude 7420,Intel Core Ultra 7 15500H,NVIDIA RTX 4070,16,256,False,1.45,13.3,120,131.62
Dell,XPS 15,AMD Ryzen 7 8800H,NVIDIA RTX 4060,64,512,False,1.31,13.3,120,156.19
Acer,Predator Helios 300,Intel i7-14700H,NVIDIA RTX 4070,128,2048,True,3.23,18.4,80,260.32
Acer,Swift 3,Intel i7-14800H,NVIDIA RTX 4070,32,4096,True,1.66,15.6,80,157.78
Dell,Alienware M15,Intel i7-14700H,NVIDIA RTX 4060,32,512,False,1.05,14.0,120,121.36
Dell,Inspiron 15,Intel Core Ultra 7 15500H,NVIDIA RTX 4070,128,4096,False,1.2,14.0,120,248.75
HP,Envy 13,Intel i5-14600H,Intel Iris Xe,8,4096,True,3.27,18.4,90,137.45
Microsoft,Surface Laptop 5,AMD Ryzen 9 8900HX,NVIDIA RTX 4080,8,1024,False,2.94,18.4,100,226.55
Acer,Swift 3,Intel i7-14800H,NVIDIA RTX 4060,16,512,True,2.36,15.6,80,142.15
Microsoft,Surface Pro 8,AMD Ryzen 7 8800H,AMD Radeon 780M,128,4096,False,1.12,14.0,100,165.18
Asus,ExpertBook B9,Intel Core Ultra 9 15700H,NVIDIA RTX 4080,128,256,False,2.73,17.3,100,246.37
Asus,ZenBook 14,Intel i7-14700H,NVIDIA RTX 4060,16,256,False,3.12,18.4,100,111.18
Microsoft,Surface Pro 8,Intel i9-14900HK,NVIDIA RTX 4080,32,2048,False,1.09,14.0,100,214.85
Acer,Predator Helios 300,Intel i9-14900HK,NVIDIA RTX 4080,32,256,True,2.43,15.6,80,208.3
Asus,ZenBook 14,Intel Core Ultra 9 15700H,Intel Arc A750M,128,2048,False,2.68,17.3,100,174.92
Acer,Nitro 5,Intel i7-14800H,NVIDIA RTX 4080,64,4096,False,2.23,15.6,80,258.41
Asus,ZenBook 14,Intel i9-14900HK,NVIDIA RTX 4070,64,512,False,3.18,17.3,100,226.32
Dell,Alienware M15,AMD Ryzen 5 8600H,AMD Radeon 680M,8,512,False,2.66,18.4,120,89.11
Asus,TUF Gaming F15,Intel Core Ultra 9 15700H,NVIDIA RTX 4080,128,2048,True,1.1,14.0,100,232.13
Acer,Aspire 5,Intel i5-14600H,NVIDIA RTX 3050,128,4096,True,1.1,13.3,80,178.42
Dell,Latitude 7420,AMD Ryzen 9 8900HX,AMD Radeon 780M,128,1024,False,2.56,17.3,120,227.25
HP,Envy 13,AMD Ryzen 7 8800H,NVIDIA RTX 4060,128,1024,False,3.05,17.3,90,159.82
Acer,Predator Helios 300,Intel i5-14500H,Intel Iris Xe,64,256,True,1.92,15.6,80,101.38
Dell,Inspiron 15,Intel i9-14900HK,NVIDIA RTX 4080,16,4096,True,1.43,13.3,120,258.83
Acer,Swift 3,Intel Core Ultra 7 15500H,Intel Arc A750M,16,4096,True,1.23,13.3,80,98.88
Acer,Swift 3,AMD Ryzen 5 8600H,NVIDIA RTX 4050,32,1024,False,1.59,15.6,80,138.49
Lenovo,ThinkBook 14s,Intel Core Ultra 7 15500H,Intel Arc A750M,16,512,True,1.55,16.0,110,94.15
Asus,VivoBook S15,Intel i5-14600H,Intel Iris Xe,128,2048,False,2.5,18.4,100,181.92
Dell,Alienware M15,Intel Core Ultra 9 15700H,Intel Arc A750M,8,1024,False,2.0,16.0,120,71.82
Microsoft,Surface Laptop Studio,Intel i9-14900HK,NVIDIA RTX 4080,8,2048,False,2.28,16.0,100,166.94
Acer,Swift 3,AMD Ryzen 5 8600H,AMD Radeon 680M,128,2048,False,2.39,16.0,80,181.92
Lenovo,ThinkPad X1 Carbon,AMD Ryzen 9 8900HX,NVIDIA RTX 4080,32,4096,True,1.24,13.3,110,234.34
Acer,Aspire 5,Intel i7-14800H,NVIDIA RTX 4060,64,2048,False,1.18,13.3,80,141.84
Acer,Predator Helios 300,Intel i5-14600H,Intel Iris Xe,32,256,False,1.09,14.0,80,119.11
Acer,TravelMate P6,Intel i9-14900HK,NVIDIA RTX 4080,128,1024,True,1.11,13.3,80,305.65
Lenovo,ThinkPad X1 Carbon,Intel Core Ultra 7 15500H,NVIDIA RTX 4060,128,4096,False,3.3,17.3,110,224.25
Dell,XPS 15,AMD Ryzen 7 8800H,NVIDIA RTX 4070,32,2048,True,1.09,13.3,120,210.06
Acer,Aspire 5,Intel i7-14800H,NVIDIA RTX 4080,128,2048,False,1.97,15.6,80,239.93
Microsoft,Surface Book 3,Intel i9-14900HK,NVIDIA RTX 4070,64,256,True,1.18,13.3,100,168.88
Lenovo,Yoga Slim 7,Intel i5-14500H,NVIDIA RTX 4050,8,512,False,1.48,13.3,110,102.31
Asus,ExpertBook B9,AMD Ryzen 9 8900HX,NVIDIA RTX 4070,32,512,False,3.05,18.4,100,148.86
Acer,Predator Helios 300,Intel Core Ultra 7 15500H,NVIDIA RTX 4070,64,256,False,1.38,14.0,80,180.43
Lenovo,Legion 5,AMD Ryzen 5 8600H,NVIDIA RTX 4050,16,4096,True,1.64,15.6,110,159.43
Asus,ZenBook 14,AMD Ryzen 7 8800H,NVIDIA RTX 4060,8,2048,True,1.25,13.3,100,150.53
Asus,ZenBook 14,Intel Core Ultra 9 15700H,NVIDIA RTX 4080,128,4096,True,1.51,15.6,100,241.42
Microsoft,Surface Laptop 5,Intel i5-14600H,NVIDIA RTX 3050,32,512,True,2.57,17.3,100,89.86
Dell,Alienware M15,Intel i7-14800H,NVIDIA RTX 4070,8,2048,True,1.16,14.0,120,168.53
Acer,Predator Helios 300,Intel i7-14800H,NVIDIA RTX 4070,128,2048,True,1.49,13.3,80,184.44
Microsoft,Surface Laptop 5,Intel i7-14800H,NVIDIA RTX 4060,128,512,False,1.36,14.0,100,186.91
Lenovo,ThinkBook 14s,Intel Core Ultra 9 15700H,NVIDIA RTX 4080,32,256,True,1.86,16.0,110,143.58
Asus,TUF Gaming F15,Intel i9-14900HK,NVIDIA RTX 4070,64,512,True,1.17,14.0,100,204.19
Acer,Swift 3,Intel Core Ultra 7 15500H,Intel Arc A750M,8,1024,False,1.35,14.0,80,84.38
Lenovo,IdeaPad 5,Intel i5-14600H,NVIDIA RTX 4050,32,2048,False,1.34,13.3,110,123.05
Acer,TravelMate P6,Intel Core Ultra 9 15700H,NVIDIA RTX 4070,16,1024,False,1.86,15.6,80,138.02
HP,Envy 13,Intel i7-14700H,NVIDIA RTX 4070,16,4096,True,3.03,18.4,90,151.38
Acer,Predator Helios 300,Intel i9-14900HK,NVIDIA RTX 4070,128,512,True,1.42,14.0,80,268.46
Dell,Alienware M15,Intel i5-14600H,NVIDIA RTX 3050,128,256,True,2.16,16.0,120,177.77
Dell,Latitude 7420,Intel Core Ultra 9 15700H,Intel Arc A750M,16,1024,False,1.29,14.0,120,77.52
Lenovo,ThinkBook 14s,Intel i9-14900HK,NVIDIA RTX 4070,8,512,False,3.1,17.3,110,167.11
Microsoft,Surface Book 3,AMD Ryzen 5 8600H,AMD Radeon 680M,64,4096,True,3.13,18.4,100,144.7
Acer,Predator Helios 300,Intel i7-14700H,NVIDIA RTX 4070,16,4096,False,1.02,14.0,80,147.88
Dell,Latitude 7420,Intel i7-14700H,NVIDIA RTX 4060,64,256,True,2.37,15.6,120,136.38
HP,Envy 13,Intel i7-14800H,NVIDIA RTX 4060,8,512,False,1.78,15.6,90,131.11
HP,Omen 15,Intel Core Ultra 9 15700H,Intel Arc A750M,16,256,True,2.02,16.0,90,108.05
HP,Pavilion 15,Intel i5-14500H,Intel Iris Xe,32,4096,True,2.64,17.3,90,107.78
Lenovo,Yoga Slim 7,Intel i5-14500H,Intel Iris Xe,16,512,False,2.47,15.6,110,77.46
Microsoft,Surface Book 3,Intel i7-14700H,NVIDIA RTX 4070,128,2048,True,1.94,16.0,100,185.94
Asus,VivoBook S15,AMD Ryzen 7 8800H,NVIDIA RTX 4060,32,4096,True,2.65,18.4,100,199.89
Acer,Predator Helios 300,Intel i5-14500H,Intel Iris Xe,32,512,False,2.4,16.0,80,100.63
Dell,XPS 15,AMD Ryzen 9 8900HX,NVIDIA RTX 4070,32,256,False,1.37,13.3,120,146.08
HP,Spectre x360,Intel i7-14800H,NVIDIA RTX 4060,16,4096,True,1.6,16.0,90,190.93
Microsoft,Surface Book 3,AMD Ryzen 7 8800H,NVIDIA RTX 4070,128,1024,True,3.14,17.3,100,253.15
Lenovo,Legion 5,Intel Core Ultra 7 15500H,Intel Arc A750M,64,512,True,2.01,16.0,110,117.19
Asus,ExpertBook B9,Intel i9-14900HK,NVIDIA RTX 4070,32,256,False,2.86,17.3,100,206.61
Lenovo,ThinkPad X1 Carbon,Intel i5-14500H,NVIDIA RTX 3050,128,512,False,1.8,15.6,110,146.71
Lenovo,ThinkPad X1 Carbon,Intel Core Ultra 9 15700H,NVIDIA RTX 4070,128,1024,True,1.34,13.3,110,164.32
Lenovo,Legion 5,Intel i5-14600H,Intel Iris Xe,32,2048,False,1.47,13.3,110,90.04
Microsoft,Surface Go 3,Intel i5-14600H,NVIDIA RTX 3050,32,4096,True,1.06,13.3,100,110.28
HP,Omen 15,AMD Ryzen 5 8600H,NVIDIA RTX 3050,128,256,True,2.67,17.3,90,177.77
Dell,Latitude 7420,AMD Ryzen 9 8900HX,AMD Radeon 780M,8,512,False,2.29,16.0,120,111.76
Acer,Swift 3,Intel Core Ultra 9 15700H,Intel Arc A750M,64,2048,True,2.27,15.6,80,105.34
Lenovo,Legion 5,Intel Core Ultra 9 15700H,NVIDIA RTX 4070,8,2048,False,1.89,15.6,110,116.94
Dell,Alienware M15,Intel Core Ultra 9 15700H,Intel Arc A750M,32,2048,True,2.89,17.3,120,92.54
HP,Pavilion 15,Intel Core Ultra 9 15700H,NVIDIA RTX 4070,8,1024,True,2.27,15.6,90,117.82
Dell,Inspiron 15,Intel i5-14500H,NVIDIA RTX 3050,64,512,False,2.31,16.0,120,115.99
Dell,XPS 13,Intel Core Ultra 9 15700H,NVIDIA RTX 4070,64,512,True,2.14,15.6,120,192.72
Acer,Aspire 5,AMD Ryzen 5 8600H,NVIDIA RTX 3050,16,1024,True,3.15,18.4,80,120.43
Acer,Nitro 5,Intel i5-14500H,NVIDIA RTX 4050,8,1024,False,3.11,17.3,80,107.18
HP,Omen 15,Intel i5-14600H,NVIDIA RTX 3050,16,2048,False,3.46,18.4,90,85.14
Asus,ROG Zephyrus G15,Intel i7-14700H,NVIDIA RTX 4060,32,256,True,1.67,15.6,100,148.3
Asus,ExpertBook B9,AMD Ryzen 9 8900HX,NVIDIA RTX 4070,128,4096,False,1.92,16.0,100,287.25
Dell,Alienware M15,Intel Core Ultra 7 15500H,Intel Arc A750M,32,4096,False,1.23,14.0,120,119.14
Dell,Alienware M15,AMD Ryzen 5 8600H,NVIDIA RTX 4050,32,4096,True,3.34,18.4,120,144.34
Dell,XPS 15,AMD Ryzen 9 8900HX,NVIDIA RTX 4080,32,2048,False,1.87,16.0,120,247.16
Asus,ExpertBook B9,Intel i5-14600H,NVIDIA RTX 3050,128,256,True,1.24,13.3,100,155.38
Acer,Swift 3,Intel Core Ultra 7 15500H,NVIDIA RTX 4060,8,2048,True,1.6,16.0,80,129.53
Asus,TUF Gaming F15,Intel i5-14500H,NVIDIA RTX 4050,64,256,True,2.39,16.0,100,159.43
Dell,Latitude 7420,Intel Core Ultra 7 15500H,NVIDIA RTX 4060,64,4096,True,2.46,16.0,120,196.81
Microsoft,Surface Pro 8,AMD Ryzen 7 8800H,NVIDIA RTX 4060,32,256,True,2.46,16.0,100,173.01
HP,Omen 15,Intel Core Ultra 7 15500H,Intel Arc A750M,32,512,True,2.57,18.4,90,118.8
Asus,VivoBook S15,AMD Ryzen 9 8900HX,NVIDIA RTX 4070,32,1024,False,1.45,13.3,100,179.9
HP,Spectre x360,Intel i7-14700H,NVIDIA RTX 4070,16,256,True,1.64,15.6,90,185.05
Microsoft,Surface Go 3,AMD Ryzen 9 8900HX,NVIDIA RTX 4070,128,512,False,1.75,16.0,100,187.26
Lenovo,Yoga Slim 7,Intel i5-14600H,Intel Iris Xe,32,2048,False,1.65,16.0,110,91.54
HP,Envy 13,Intel Core Ultra 9 15700H,NVIDIA RTX 4080,64,512,True,2.08,16.0,90,189.19
HP,Spectre x360,AMD Ryzen 9 8900HX,NVIDIA RTX 4070,64,1024,True,3.14,18.4,90,204.26
HP,Envy 13,Intel Core Ultra 9 15700H,NVIDIA RTX 4080,32,4096,False,1.26,13.3,90,222.99
Asus,ZenBook 14,Intel Core Ultra 7 15500H,Intel Arc A750M,8,256,True,1.32,13.3,100,101.47
Lenovo,ThinkBook 14s,AMD Ryzen 5 8600H,NVIDIA RTX 4050,32,2048,False,2.12,16.0,110,145.66
Lenovo,ThinkPad X1 Carbon,AMD Ryzen 5 8600H,NVIDIA RTX 4050,16,256,False,2.73,18.4,110,124.15
HP,Envy 13,Intel i7-14700H,NVIDIA RTX 4060,32,2048,True,1.65,16.0,90,132.54
Microsoft,Surface Pro 8,Intel i9-14900HK,NVIDIA RTX 4070,128,4096,True,3.27,18.4,100,253.42
Dell,XPS 13,Intel Core Ultra 9 15700H,Intel Arc A750M,8,4096,True,3.07,17.3,120,93.18
Acer,Nitro 5,Intel i5-14500H,Intel Iris Xe,128,4096,True,2.24,16.0,80,204.65
Asus,ZenBook 14,Intel i5-14500H,Intel Iris Xe,32,1024,True,1.17,14.0,100,94.92
HP,Omen 15,AMD Ryzen 7 8800H,NVIDIA RTX 4060,128,512,False,2.84,17.3,90,220.16
Microsoft,Surface Laptop Studio,Intel i7-14800H,NVIDIA RTX 4080,64,512,True,1.24,14.0,100,210.19
Lenovo,Yoga Slim 7,Intel Core Ultra 7 15500H,Intel Arc A750M,64,2048,True,1.21,13.3,110,129.41
Dell,Alienware M15,Intel i7-14700H,NVIDIA RTX 4070,32,2048,True,1.47,14.0,120,175.25
Dell,Latitude 7420,AMD Ryzen 9 8900HX,NVIDIA RTX 4080,64,256,False,3.49,17.3,120,216.46
Acer,Predator Helios 300,Intel i7-14800H,NVIDIA RTX 4070,8,256,False,1.12,13.3,80,150.58
Acer,Predator Helios 300,Intel i5-14500H,NVIDIA RTX 3050,8,256,True,3.48,18.4,80,110.57
HP,Omen 15,AMD Ryzen 9 8900HX,AMD Radeon 780M,8,1024,False,2.14,16.0,90,114.32
Microsoft,Surface Go 3,AMD Ryzen 9 8900HX,AMD Radeon 780M,128,4096,True,3.0,18.4,100,220.42
Dell,XPS 15,Intel Core Ultra 7 15500H,NVIDIA RTX 4070,128,2048,True,2.49,16.0,120,205.13
Acer,Swift 3,Intel i5-14600H,Intel Iris Xe,32,256,True,2.39,16.0,80,106.3
Acer,Predator Helios 300,Intel Core Ultra 7 15500H,NVIDIA RTX 4070,32,256,False,1.32,13.3,80,116.08
Dell,XPS 15,AMD Ryzen 9 8900HX,NVIDIA RTX 4070,128,256,False,1.45,13.3,120,184.48
HP,Envy 13,Intel Core Ultra 7 15500H,Intel Arc A750M,64,2048,False,1.97,16.0,90,119.21
Dell,Alienware M15,Intel i5-14500H,NVIDIA RTX 3050,32,1024,False,2.45,16.0,120,103.7
Dell,Inspiron 15,Intel Core Ultra 9 15700H,NVIDIA RTX 4080,128,4096,False,1.17,13.3,120,197.68
Acer,TravelMate P6,AMD Ryzen 7 8800H,AMD Radeon 780M,64,512,False,1.19,13.3,80,170.32
Microsoft,Surface Pro 8,AMD Ryzen 7 8800H,AMD Radeon 780M,8,4096,True,2.81,17.3,100,120.68
Acer,Predator Helios 300,Intel i5-14500H,NVIDIA RTX 4050,128,512,False,1.47,14.0,80,133.26
Asus,ExpertBook B9,AMD Ryzen 5 8600H,NVIDIA RTX 3050,8,256,True,2.88,17.3,100,94.78
Microsoft,Surface Book 3,Intel i9-14900HK,NVIDIA RTX 4070,16,1024,False,1.09,13.3,100,147.52
Microsoft,Surface Laptop Studio,Intel i7-14800H,NVIDIA RTX 4080,64,256,False,1.94,15.6,100,165.38
Microsoft,Surface Pro 8,AMD Ryzen 7 8800H,NVIDIA RTX 4070,32,512,False,2.11,16.0,100,133.86
HP,Omen 15,Intel i5-14500H,NVIDIA RTX 3050,128,1024,True,2.57,17.3,90,183.15
HP,Omen 15,Intel Core Ultra 9 15700H,NVIDIA RTX 4080,64,512,True,3.31,18.4,90,220.72
HP,EliteBook 840,Intel i5-14500H,Intel Iris Xe,128,4096,False,1.38,14.0,90,166.42
Acer,Predator Helios 300,AMD Ryzen 9 8900HX,AMD Radeon 780M,128,1024,True,3.15,17.3,80,201.98
Acer,Swift 3,Intel i5-14500H,Intel Iris Xe,8,1024,True,2.47,15.6,80,99.38
Dell,Inspiron 15,AMD Ryzen 5 8600H,NVIDIA RTX 3050,16,512,True,1.45,13.3,120,114.74
HP,Envy 13,Intel Core Ultra 9 15700H,NVIDIA RTX 4070,8,256,True,3.04,17.3,90,136.78
Acer,TravelMate P6,Intel i5-14600H,NVIDIA RTX 3050,8,512,True,3.37,17.3,80,96.31
Acer,Predator Helios 300,Intel Core Ultra 9 15700H,Intel Arc A750M,64,1024,False,2.92,17.3,80,94.22
Asus,ExpertBook B9,Intel Core Ultra 7 15500H,Intel Arc A750M,128,1024,False,2.27,15.6,100,167.75
Acer,TravelMate P6,Intel i5-14600H,Intel Iris Xe,16,1024,False,2.29,15.6,80,96.02
Dell,XPS 15,Intel Core Ultra 9 15700H,Intel Arc A750M,16,256,False,3.07,17.3,120,99.65
Microsoft,Surface Laptop Studio,Intel Core Ultra 7 15500H,NVIDIA RTX 4070,128,512,True,1.72,15.6,100,228.56
HP,Spectre x360,Intel i7-14700H,NVIDIA RTX 4060,64,1024,True,2.89,17.3,90,140.22
Lenovo,Yoga Slim 7,Intel i5-14500H,NVIDIA RTX 4050,32,2048,False,1.04,13.3,110,149.16
Acer,Aspire 5,Intel Core Ultra 9 15700H,NVIDIA RTX 4080,16,512,False,1.05,13.3,80,161.95
Dell,Inspiron 15,Intel i9-14900HK,NVIDIA RTX 4070,32,4096,True,1.49,14.0,120,205.54
Asus,TUF Gaming F15,Intel i7-14700H,NVIDIA RTX 4070,64,256,False,2.45,15.6,100,174.46
Dell,Inspiron 15,Intel Core Ultra 7 15500H,NVIDIA RTX 4070,32,256,True,2.5,17.3,120,173.01
Dell,XPS 13,Intel i5-14500H,NVIDIA RTX 3050,32,2048,False,1.95,16.0,120,128.16
Microsoft,Surface Laptop 5,Intel i7-14800H,NVIDIA RTX 4070,32,2048,True,1.91,16.0,100,177.05
Microsoft,Surface Book 3,Intel i7-14700H,NVIDIA RTX 4070,8,4096,False,1.28,14.0,100,202.55
Lenovo,ThinkBook 14s,Intel Core Ultra 9 15700H,Intel Arc A750M,32,1024,True,2.31,15.6,110,104.9
Asus,ExpertBook B9,Intel i9-14900HK,NVIDIA RTX 4070,32,2048,False,2.04,16.0,100,187.85
Dell,Alienware M15,AMD Ryzen 9 8900HX,AMD Radeon 780M,128,4096,False,1.33,14.0,120,211.42
Microsoft,Surface Go 3,Intel i5-14500H,NVIDIA RTX 3050,128,256,True,2.97,18.4,100,126.98
Lenovo,Yoga Slim 7,Intel Core Ultra 7 15500H,NVIDIA RTX 4070,16,256,True,2.01,15.6,110,117.18
Microsoft,Surface Go 3,Intel i9-14900HK,NVIDIA RTX 4070,64,2048,True,1.11,14.0,100,248.98
Lenovo,Yoga Slim 7,Intel i5-14600H,NVIDIA RTX 3050,32,256,False,2.31,16.0,110,99.1
Dell,XPS 13,AMD Ryzen 9 8900HX,AMD Radeon 780M,32,256,True,3.32,17.3,120,126.08
Microsoft,Surface Pro 8,Intel Core Ultra 7 15500H,NVIDIA RTX 4070,64,1024,False,3.31,17.3,100,161.06
Lenovo,ThinkPad X1 Carbon,Intel i5-14500H,Intel Iris Xe,8,2048,True,2.65,17.3,110,123.12
Asus,ZenBook 14,Intel i7-14800H,NVIDIA RTX 4080,64,2048,False,3.05,17.3,100,174.34
HP,Spectre x360,Intel i7-14700H,NVIDIA RTX 4070,16,512,False,1.44,13.3,90,176.34
Asus,ExpertBook B9,Intel i5-14500H,Intel Iris Xe,16,256,True,1.45,14.0,100,96.82
Acer,Aspire 5,Intel i7-14800H,NVIDIA RTX 4060,16,2048,True,1.68,16.0,80,126.14
Asus,TUF Gaming F15,AMD Ryzen 7 8800H,NVIDIA RTX 4070,128,2048,False,1.14,14.0,100,255.42
Lenovo,Yoga Slim 7,Intel Core Ultra 7 15500H,NVIDIA RTX 4070,64,256,False,1.23,13.3,110,186.03
Asus,ExpertBook B9,Intel i7-14700H,NVIDIA RTX 4060,128,1024,False,2.26,15.6,100,223.75
Asus,TUF Gaming F15,Intel i9-14900HK,NVIDIA RTX 4080,16,4096,False,2.96,18.4,100,252.53
Microsoft,Surface Laptop Studio,Intel i7-14700H,NVIDIA RTX 4070,64,1024,False,1.12,14.0,100,212.41
Acer,Swift 3,Intel Core Ultra 9 15700H,NVIDIA RTX 4070,32,2048,True,3.01,18.4,80,132.54
Dell,XPS 13,Intel i9-14900HK,NVIDIA RTX 4070,64,256,False,2.46,16.0,120,160.38
Lenovo,Yoga Slim 7,Intel i7-14800H,NVIDIA RTX 4060,64,256,True,2.99,18.4,110,163.66
Microsoft,Surface Pro 8,AMD Ryzen 5 8600H,AMD Radeon 680M,32,4096,True,1.25,14.0,100,132.34
Asus,ROG Zephyrus G15,Intel i7-14800H,NVIDIA RTX 4080,16,1024,True,1.36,14.0,100,154.52
Dell,XPS 13,Intel i9-14900HK,NVIDIA RTX 4080,64,256,True,1.17,14.0,120,264.43
HP,Pavilion 15,Intel i5-14600H,Intel Iris Xe,64,2048,False,2.3,16.0,90,146.08
Microsoft,Surface Book 3,Intel Core Ultra 7 15500H,NVIDIA RTX 4060,64,2048,True,1.12,13.3,100,132.84
Asus,VivoBook S15,AMD Ryzen 5 8600H,NVIDIA RTX 4050,32,256,True,1.02,13.3,100,103.58
HP,Pavilion 15,Intel i9-14900HK,NVIDIA RTX 4070,128,1024,False,1.07,13.3,90,192.32
Acer,TravelMate P6,Intel i5-14600H,NVIDIA RTX 3050,128,512,True,3.07,18.4,80,128.26
HP,Spectre x360,AMD Ryzen 9 8900HX,NVIDIA RTX 4070,8,256,True,1.51,15.6,90,201.57
Acer,Predator Helios 300,Intel i9-14900HK,NVIDIA RTX 4080,64,512,False,1.46,14.0,80,252.22
HP,Pavilion 15,Intel i5-14600H,NVIDIA RTX 3050,128,4096,False,2.51,17.3,90,140.18
Asus,ROG Zephyrus G15,Intel i5-14500H,Intel Iris Xe,64,256,True,1.42,14.0,100,99.88
Microsoft,Surface Laptop 5,AMD Ryzen 7 8800H,NVIDIA RTX 4060,8,2048,False,2.69,17.3,100,116.94
Dell,Inspiron 15,AMD Ryzen 9 8900HX,NVIDIA RTX 4080,16,4096,True,1.58,15.6,120,186.38
Acer,Aspire 5,AMD Ryzen 7 8800H,NVIDIA RTX 4060,8,256,False,2.36,16.0,80,129.58
Acer,Nitro 5,Intel Core Ultra 7 15500H,Intel Arc A750M,128,4096,True,1.39,14.0,80,139.68
Lenovo,ThinkPad X1 Carbon,Intel i5-14600H,Intel Iris Xe,16,2048,True,2.83,18.4,110,91.14
Dell,Alienware M15,Intel i5-14600H,NVIDIA RTX 3050,32,1024,False,1.37,13.3,120,101.9
Asus,ZenBook 14,Intel i5-14500H,Intel Iris Xe,16,256,False,2.77,17.3,100,91.42
Asus,ROG Zephyrus G15,Intel i7-14800H,NVIDIA RTX 4060,128,2048,True,1.09,13.3,100,208.13
Asus,ROG Zephyrus G15,Intel i7-14800H,NVIDIA RTX 4070,16,256,True,2.52,17.3,100,158.62
Dell,Latitude 7420,AMD Ryzen 7 8800H,NVIDIA RTX 4070,16,4096,True,1.4,14.0,120,209.83
Acer,Swift 3,AMD Ryzen 7 8800H,AMD Radeon 780M,128,512,True,2.89,17.3,80,150.76
Microsoft,Surface Laptop 5,Intel i5-14500H,NVIDIA RTX 3050,64,1024,False,1.87,15.6,100,99.22
Dell,Inspiron 15,Intel i5-14500H,NVIDIA RTX 3050,8,256,True,1.25,13.3,120,97.78
Lenovo,ThinkPad X1 Carbon,Intel Core Ultra 9 15700H,NVIDIA RTX 4070,8,512,False,2.86,18.4,110,131.11
HP,Spectre x360,Intel i9-14900HK,NVIDIA RTX 4070,128,2048,False,2.7,18.4,90,233.93
Acer,Swift 3,AMD Ryzen 7 8800H,NVIDIA RTX 4060,8,512,False,2.79,18.4,80,131.11
Acer,Nitro 5,Intel Core Ultra 9 15700H,NVIDIA RTX 4070,32,512,False,1.67,16.0,80,118.86
Dell,Inspiron 15,AMD Ryzen 5 8600H,NVIDIA RTX 3050,32,2048,True,2.78,17.3,120,136.56
Lenovo,ThinkPad X1 Carbon,Intel i5-14500H,NVIDIA RTX 4050,128,256,True,2.16,15.6,110,167.38
Acer,Swift 3,AMD Ryzen 9 8900HX,NVIDIA RTX 4080,64,2048,False,2.52,17.3,80,265.08
Microsoft,Surface Go 3,Intel i5-14500H,NVIDIA RTX 4050,16,256,True,1.76,15.6,100,94.68
Microsoft,Surface Go 3,Intel i9-14900HK,NVIDIA RTX 4070,64,4096,False,1.61,16.0,100,215.5
Dell,XPS 15,Intel i7-14700H,NVIDIA RTX 4070,64,4096,True,1.23,13.3,120,207.7
Asus,ROG Zephyrus G15,Intel i9-14900HK,NVIDIA RTX 4080,32,4096,False,1.17,14.0,100,227.14
Acer,Aspire 5,Intel i5-14600H,Intel Iris Xe,32,2048,True,1.76,15.6,80,117.05
Asus,ExpertBook B9,AMD Ryzen 7 8800H,NVIDIA RTX 4070,16,4096,False,2.63,18.4,100,145.38
Asus,TUF Gaming F15,Intel i5-14600H,NVIDIA RTX 4050,128,2048,True,1.04,14.0,100,150.94
Microsoft,Surface Go 3,Intel i7-14700H,NVIDIA RTX 4060,16,1024,True,1.05,14.0,100,123.52
Microsoft,Surface Pro 8,Intel i5-14600H,NVIDIA RTX 3050,64,4096,False,1.31,14.0,100,158.31
Lenovo,Yoga Slim 7,Intel i5-14600H,NVIDIA RTX 4050,64,512,False,2.33,15.6,110,109.16
Asus,TUF Gaming F15,Intel i9-14900HK,NVIDIA RTX 4080,128,256,False,3.17,18.4,100,288.37
Dell,Alienware M15,Intel i5-14600H,NVIDIA RTX 3050,32,2048,False,1.63,15.6,120,109.85
Lenovo,ThinkPad X1 Carbon,Intel i5-14500H,Intel Iris Xe,8,256,False,1.03,14.0,110,105.67
Asus,ZenBook 14,AMD Ryzen 7 8800H,AMD Radeon 780M,32,512,False,2.99,18.4,100,148.9
Asus,ROG Zephyrus G15,Intel i5-14600H,NVIDIA RTX 3050,128,256,False,1.79,15.6,100,169.37
Microsoft,Surface Laptop Studio,Intel i5-14600H,NVIDIA RTX 3050,8,512,False,1.15,14.0,100,92.11
Acer,Predator Helios 300,AMD Ryzen 5 8600H,NVIDIA RTX 4050,32,4096,False,1.42,14.0,80,135.34
Acer,Aspire 5,Intel Core Ultra 9 15700H,NVIDIA RTX 4070,128,256,True,1.37,13.3,80,192.58
Lenovo,Yoga Slim 7,Intel i5-14600H,NVIDIA RTX 4050,16,1024,False,1.27,14.0,110,133.03
Acer,Aspire 5,Intel Core Ultra 7 15500H,Intel Arc A750M,32,256,True,2.62,18.4,80,117.01
Dell,Alienware M15,AMD Ryzen 9 8900HX,NVIDIA RTX 4070,8,512,True,1.96,16.0,120,203.36
Microsoft,Surface Book 3,AMD Ryzen 7 8800H,NVIDIA RTX 4070,32,4096,False,3.31,18.4,100,151.78
Acer,Aspire 5,AMD Ryzen 9 8900HX,AMD Radeon 780M,64,4096,True,1.89,15.6,80,221.31
Dell,Latitude 7420,Intel Core Ultra 7 15500H,Intel Arc A750M,8,512,True,2.37,15.6,120,75.26
Dell,Alienware M15,AMD Ryzen 5 8600H,AMD Radeon 680M,64,256,True,2.84,18.4,120,101.38
HP,Pavilion 15,Intel Core Ultra 9 15700H,NVIDIA RTX 4070,8,4096,True,1.25,13.3,90,189.95
Asus,ExpertBook B9,AMD Ryzen 7 8800H,AMD Radeon 780M,128,4096,False,2.59,17.3,100,195.22
Acer,Predator Helios 300,AMD Ryzen 5 8600H,NVIDIA RTX 4050,8,512,True,1.95,16.0,80,92.76
Lenovo,ThinkBook 14s,Intel i7-14800H,NVIDIA RTX 4070,128,256,True,1.79,16.0,110,247.77
Lenovo,ThinkBook 14s,Intel i7-14800H,NVIDIA RTX 4070,64,512,False,1.27,14.0,110,178.99
Lenovo,IdeaPad 5,Intel i5-14500H,NVIDIA RTX 4050,8,512,False,1.02,14.0,110,89.26
Dell,XPS 13,Intel i5-14500H,NVIDIA RTX 3050,8,1024,False,1.35,13.3,120,90.38
HP,Pavilion 15,AMD Ryzen 7 8800H,NVIDIA RTX 4070,64,2048,False,1.18,14.0,90,219.58
HP,EliteBook 840,Intel i5-14600H,NVIDIA RTX 4050,64,4096,False,1.44,13.3,90,150.7
Acer,Swift 3,Intel Core Ultra 7 15500H,Intel Arc A750M,128,256,True,2.44,15.6,80,146.38
Acer,Aspire 5,Intel i9-14900HK,NVIDIA RTX 4080,128,512,True,1.37,14.0,80,296.46
Asus,TUF Gaming F15,Intel Core Ultra 9 15700H,NVIDIA RTX 4070,8,4096,False,2.62,17.3,100,152.62
Microsoft,Surface Pro 8,AMD Ryzen 5 8600H,NVIDIA RTX 4050,32,512,False,1.03,13.3,100,138.4
Lenovo,Yoga Slim 7,AMD Ryzen 7 8800H,NVIDIA RTX 4060,8,4096,False,2.46,16.0,110,127.18
Lenovo,IdeaPad 5,AMD Ryzen 7 8800H,AMD Radeon 780M,64,4096,True,1.05,13.3,110,145.58
Microsoft,Surface Go 3,AMD Ryzen 7 8800H,NVIDIA RTX 4060,16,4096,True,2.37,15.6,100,163.66
Acer,Nitro 5,AMD Ryzen 5 8600H,AMD Radeon 680M,8,512,False,3.42,17.3,80,89.11
Asus,TUF Gaming F15,Intel i7-14800H,NVIDIA RTX 4080,16,4096,False,3.04,17.3,100,165.38
HP,Omen 15,AMD Ryzen 5 8600H,AMD Radeon 680M,8,256,True,1.93,16.0,90,78.98
HP,Omen 15,Intel i7-14800H,NVIDIA RTX 4080,128,256,True,1.22,14.0,90,239.38
Lenovo,Yoga Slim 7,AMD Ryzen 9 8900HX,NVIDIA RTX 4070,64,2048,True,1.44,14.0,110,243.38
Acer,Nitro 5,Intel i7-14700H,NVIDIA RTX 4070,8,2048,False,2.89,17.3,80,184.72
Acer,Aspire 5,AMD Ryzen 5 8600H,NVIDIA RTX 4050,128,256,True,2.54,17.3,80,139.48
Asus,ZenBook 14,Intel i7-14800H,NVIDIA RTX 4060,32,512,True,3.46,17.3,100,124.86
Asus,ExpertBook B9,Intel i5-14500H,NVIDIA RTX 4050,32,2048,False,1.9,16.0,100,124.85
Lenovo,Legion 5,Intel Core Ultra 7 15500H,Intel Arc A750M,128,256,True,2.07,16.0,110,170.77
Microsoft,Surface Pro 8,AMD Ryzen 9 8900HX,NVIDIA RTX 4080,32,1024,True,1.02,13.3,100,251.89
Asus,ExpertBook B9,AMD Ryzen 7 8800H,NVIDIA RTX 4060,64,512,True,2.31,16.0,100,192.72
Acer,Aspire 5,Intel Core Ultra 7 15500H,Intel Arc A750M,64,1024,False,1.45,13.3,80,92.72
HP,Envy 13,Intel i9-14900HK,NVIDIA RTX 4080,32,512,True,2.34,15.6,90,244.8
HP,EliteBook 840,Intel i5-14600H,Intel Iris Xe,128,512,True,1.84,16.0,90,128.26
Asus,ZenBook 14,AMD Ryzen 7 8800H,AMD Radeon 780M,8,1024,False,1.29,14.0,100,101.82
Asus,ZenBook 14,AMD Ryzen 5 8600H,AMD Radeon 680M,64,512,True,2.58,17.3,100,123.19
Lenovo,Legion 5,AMD Ryzen 5 8600H,AMD Radeon 680M,16,2048,False,3.03,17.3,110,102.17
Lenovo,Yoga Slim 7,Intel Core Ultra 7 15500H,NVIDIA RTX 4070,16,4096,False,1.29,13.3,110,186.03
Lenovo,ThinkBook 14s,Intel i5-14500H,NVIDIA RTX 4050,16,1024,False,2.46,15.6,110,129.53
Lenovo,ThinkBook 14s,Intel i7-14800H,NVIDIA RTX 4070,128,512,True,1.82,16.0,110,249.56
Microsoft,Surface Go 3,AMD Ryzen 7 8800H,NVIDIA RTX 4070,64,512,False,2.24,15.6,100,146.66
HP,EliteBook 840,Intel i7-14700H,NVIDIA RTX 4070,16,4096,True,1.02,13.3,90,153.88
Microsoft,Surface Book 3,AMD Ryzen 5 8600H,AMD Radeon 680M,8,4096,False,2.38,15.6,100,92.18
Acer,Swift 3,Intel Core Ultra 9 15700H,NVIDIA RTX 4070,64,4096,False,2.44,16.0,80,179.5
Microsoft,Surface Go 3,Intel i9-14900HK,NVIDIA RTX 4070,64,256,True,2.5,16.0,100,232.93
Acer,Aspire 5,Intel i5-14600H,Intel Iris Xe,8,256,False,2.66,17.3,80,102.17
Microsoft,Surface Laptop Studio,AMD Ryzen 5 8600H,NVIDIA RTX 4050,128,2048,False,1.23,13.3,100,173.93
Acer,Aspire 5,AMD Ryzen 5 8600H,NVIDIA RTX 4050,16,1024,False,1.1,14.0,80,114.02
Acer,Predator Helios 300,Intel i5-14600H,NVIDIA RTX 4050,16,2048,False,2.89,17.3,80,117.17
Dell,Inspiron 15,Intel i7-14700H,NVIDIA RTX 4060,128,512,True,1.2,14.0,120,232.06
Acer,Swift 3,Intel i9-14900HK,NVIDIA RTX 4080,128,2048,False,1.37,13.3,80,256.13
Microsoft,Surface Pro 8,Intel i9-14900HK,NVIDIA RTX 4070,32,512,False,1.02,14.0,100,151.36
Microsoft,Surface Book 3,AMD Ryzen 5 8600H,AMD Radeon 680M,32,4096,False,1.35,14.0,100,100.28
Dell,XPS 15,Intel i7-14800H,NVIDIA RTX 4080,32,512,True,1.27,13.3,120,194.83
Microsoft,Surface Laptop 5,Intel i7-14700H,NVIDIA RTX 4060,64,256,True,1.06,13.3,100,194.43
Dell,Alienware M15,Intel Core Ultra 7 15500H,NVIDIA RTX 4060,8,4096,True,2.72,17.3,120,141.82
Asus,ExpertBook B9,Intel i9-14900HK,NVIDIA RTX 4070,8,256,True,2.85,17.3,100,143.98
Lenovo,ThinkBook 14s,Intel i5-14500H,NVIDIA RTX 3050,8,256,True,2.64,18.4,110,94.78
Microsoft,Surface Laptop 5,AMD Ryzen 7 8800H,NVIDIA RTX 4060,32,512,True,2.12,15.6,100,174.8
Asus,TUF Gaming F15,AMD Ryzen 9 8900HX,NVIDIA RTX 4070,64,2048,False,1.3,13.3,100,201.41
Acer,Predator Helios 300,Intel i9-14900HK,NVIDIA RTX 4080,16,512,False,1.53,15.6,80,194.95
Microsoft,Surface Laptop Studio,Intel i7-14700H,NVIDIA RTX 4070,8,2048,False,1.31,14.0,100,130.44
Dell,XPS 15,Intel i5-14500H,NVIDIA RTX 4050,128,256,False,1.14,13.3,120,135.98
Microsoft,Surface Pro 8,AMD Ryzen 7 8800H,NVIDIA RTX 4070,32,256,False,1.1,14.0,100,162.1
Dell,XPS 15,Intel i5-14600H,Intel Iris Xe,64,256,False,1.21,13.3,120,137.03
Asus,ExpertBook B9,AMD Ryzen 9 8900HX,AMD Radeon 780M,128,256,False,2.51,18.4,100,158.48
Acer,Predator Helios 300,Intel i7-14700H,NVIDIA RTX 4060,16,512,True,2.63,18.4,80,142.15
Microsoft,Surface Laptop 5,Intel i7-14800H,NVIDIA RTX 4080,32,1024,True,1.92,16.0,100,194.9
Dell,Alienware M15,Intel i9-14900HK,NVIDIA RTX 4070,32,256,True,3.45,17.3,120,215.01
Dell,Latitude 7420,Intel Core Ultra 7 15500H,Intel Arc A750M,128,4096,True,1.16,14.0,120,172.42
Microsoft,Surface Laptop Studio,Intel i7-14800H,NVIDIA RTX 4080,16,1024,False,3.18,18.4,100,210.03
Microsoft,Surface Laptop Studio,Intel Core Ultra 7 15500H,NVIDIA RTX 4060,32,1024,False,1.75,16.0,100,127.7
Lenovo,ThinkPad X1 Carbon,AMD Ryzen 9 8900HX,NVIDIA RTX 4070,8,1024,True,3.33,18.4,110,147.82
Microsoft,Surface Laptop Studio,Intel i5-14600H,NVIDIA RTX 4050,128,256,False,3.02,18.4,100,186.87
Asus,ExpertBook B9,Intel i9-14900HK,NVIDIA RTX 4080,32,256,True,1.3,13.3,100,240.91
Microsoft,Surface Pro 8,AMD Ryzen 7 8800H,NVIDIA RTX 4060,8,2048,True,3.49,18.4,100,147.53
Microsoft,Surface Book 3,Intel i5-14600H,NVIDIA RTX 4050,8,1024,True,1.8,15.6,100,114.38
Dell,Inspiron 15,AMD Ryzen 5 8600H,AMD Radeon 680M,128,1024,True,2.06,15.6,120,156.98
Microsoft,Surface Laptop 5,Intel Core Ultra 7 15500H,Intel Arc A750M,16,2048,True,1.77,16.0,100,103.37
Microsoft,Surface Laptop Studio,Intel Core Ultra 9 15700H,NVIDIA RTX 4070,8,512,True,2.68,17.3,100,138.31
HP,EliteBook 840,Intel i9-14900HK,NVIDIA RTX 4070,128,2048,False,2.55,17.3,90,272.92
Microsoft,Surface Go 3,AMD Ryzen 9 8900HX,AMD Radeon 780M,16,4096,False,2.14,16.0,100,159.46
Acer,TravelMate P6,AMD Ryzen 9 8900HX,AMD Radeon 780M,128,1024,False,3.490010000000001,18.4,80,227.25
Microsoft,Surface Pro 8,Intel i7-14700H,NVIDIA RTX 4070,8,512,False,1.36,14.0,100,147.31
Acer,Nitro 5,Intel i5-14500H,Intel Iris Xe,64,4096,False,1.04,14.0,80,140.5
Lenovo,ThinkBook 14s,Intel i7-14800H,NVIDIA RTX 4080,64,256,True,2.33,15.6,110,239.93
Microsoft,Surface Laptop 5,AMD Ryzen 5 8600H,AMD Radeon 680M,128,512,False,2.07,16.0,100,122.26
Lenovo,Yoga Slim 7,AMD Ryzen 5 8600H,NVIDIA RTX 3050,128,2048,False,1.82,16.0,110,155.93
Acer,Nitro 5,Intel Core Ultra 9 15700H,Intel Arc A750M,64,512,True,1.09,13.3,80,140.22
Asus,ZenBook 14,Intel i5-14500H,NVIDIA RTX 4050,16,256,True,2.1,15.6,100,94.68
Lenovo,Legion 5,Intel Core Ultra 7 15500H,Intel Arc A750M,128,2048,False,1.51,16.0,110,124.94
Acer,Aspire 5,Intel i9-14900HK,NVIDIA RTX 4070,64,2048,False,1.17,14.0,80,206.21
Dell,Latitude 7420,AMD Ryzen 9 8900HX,NVIDIA RTX 4080,64,2048,False,3.29,17.3,120,227.21
Dell,Alienware M15,AMD Ryzen 5 8600H,NVIDIA RTX 3050,32,2048,True,1.28,13.3,120,120.05
Lenovo,Yoga Slim 7,Intel i7-14800H,NVIDIA RTX 4060,8,256,True,2.96,17.3,110,136.78
HP,Pavilion 15,Intel i7-14700H,NVIDIA RTX 4070,8,256,True,2.99,17.3,90,154.78
Lenovo,Legion 5,Intel i7-14800H,NVIDIA RTX 4080,128,512,True,1.2,14.0,110,240.91
Lenovo,ThinkPad X1 Carbon,Intel i9-14900HK,NVIDIA RTX 4080,16,256,False,2.98,17.3,110,225.65
Acer,Swift 3,Intel Core Ultra 7 15500H,NVIDIA RTX 4070,32,512,True,1.82,15.6,80,174.8
Acer,Predator Helios 300,Intel i5-14500H,Intel Iris Xe,16,256,True,2.27,15.6,80,98.62
Acer,Swift 3,Intel i7-14700H,NVIDIA RTX 4070,32,2048,True,2.3,15.6,80,206.56
Dell,XPS 15,Intel i5-14500H,NVIDIA RTX 4050,16,256,False,1.08,13.3,120,109.42
Microsoft,Surface Book 3,Intel i7-14700H,NVIDIA RTX 4060,8,512,True,1.08,13.3,100,117.76
Asus,ROG Zephyrus G15,AMD Ryzen 5 8600H,NVIDIA RTX 4050,16,4096,False,2.02,16.0,100,129.46
Lenovo,Legion 5,Intel i7-14800H,NVIDIA RTX 4080,64,1024,False,1.23,13.3,110,171.72
Microsoft,Surface Go 3,AMD Ryzen 5 8600H,NVIDIA RTX 3050,16,2048,True,1.18,14.0,100,112.37
Lenovo,ThinkPad X1 Carbon,AMD Ryzen 5 8600H,NVIDIA RTX 4050,32,1024,False,2.38,15.6,110,98.92
Acer,Swift 3,Intel i5-14500H,NVIDIA RTX 4050,64,4096,False,1.4,13.3,80,125.58
Lenovo,ThinkBook 14s,AMD Ryzen 9 8900HX,NVIDIA RTX 4070,32,1024,True,2.8,17.3,110,188.9
Acer,Predator Helios 300,Intel i7-14700H,NVIDIA RTX 4070,128,4096,True,2.53,18.4,80,235.42
Dell,Alienware M15,Intel i7-14700H,NVIDIA RTX 4070,128,512,False,3.23,18.4,120,172.26
HP,Envy 13,Intel i9-14900HK,NVIDIA RTX 4070,128,2048,False,2.05,15.6,90,272.92
Asus,TUF Gaming F15,Intel i5-14500H,Intel Iris Xe,32,4096,True,3.23,17.3,100,150.89
Asus,ZenBook 14,Intel i5-14500H,NVIDIA RTX 4050,64,1024,True,3.18,17.3,100,117.72
Lenovo,Yoga Slim 7,Intel i7-14800H,NVIDIA RTX 4080,32,512,True,1.86,15.6,110,159.86
HP,Omen 15,AMD Ryzen 9 8900HX,NVIDIA RTX 4080,8,256,False,3.36,18.4,90,157.98
HP,Spectre x360,Intel i7-14800H,NVIDIA RTX 4080,16,256,False,3.08,17.3,90,204.65
Lenovo,Legion 5,Intel Core Ultra 9 15700H,NVIDIA RTX 4070,128,2048,True,1.3,14.0,110,203.33
Microsoft,Surface Laptop Studio,Intel i7-14800H,NVIDIA RTX 4060,16,1024,True,1.12,13.3,100,172.93
Asus,TUF Gaming F15,AMD Ryzen 5 8600H,AMD Radeon 680M,64,512,False,3.24,17.3,100,135.32
HP,Envy 13,Intel i5-14600H,Intel Iris Xe,64,256,True,1.08,13.3,90,145.43
Asus,ExpertBook B9,AMD Ryzen 5 8600H,NVIDIA RTX 3050,64,4096,False,1.16,13.3,100,140.5
Dell,Inspiron 15,Intel Core Ultra 9 15700H,NVIDIA RTX 4080,32,512,False,2.75,17.3,120,138.86
Acer,TravelMate P6,AMD Ryzen 7 8800H,AMD Radeon 780M,128,1024,False,3.05,18.4,80,206.25
Lenovo,ThinkPad X1 Carbon,Intel Core Ultra 9 15700H,NVIDIA RTX 4080,128,4096,True,2.57,17.3,110,281.65
HP,EliteBook 840,Intel Core Ultra 7 15500H,Intel Arc A750M,128,2048,True,1.19,14.0,90,133.44
Microsoft,Surface Pro 8,Intel i9-14900HK,NVIDIA RTX 4080,128,1024,False,2.75,18.4,100,293.75
HP,EliteBook 840,Intel i5-14600H,Intel Iris Xe,32,4096,True,1.58,15.6,90,150.89
Microsoft,Surface Pro 8,Intel i9-14900HK,NVIDIA RTX 4070,64,256,True,2.47,16.0,100,232.93
Dell,Inspiron 15,AMD Ryzen 9 8900HX,NVIDIA RTX 4080,64,1024,True,1.48,13.3,120,264.21
Acer,Predator Helios 300,Intel i9-14900HK,NVIDIA RTX 4070,32,1024,False,1.19,14.0,80,215.49
Acer,Predator Helios 300,Intel Core Ultra 7 15500H,NVIDIA RTX 4060,64,512,False,1.3,13.3,80,161.22
Lenovo,ThinkBook 14s,AMD Ryzen 9 8900HX,NVIDIA RTX 4080,128,1024,True,1.34,13.3,110,257.18
Microsoft,Surface Laptop 5,Intel i5-14500H,NVIDIA RTX 3050,32,2048,False,2.41,15.6,100,128.16
Lenovo,Legion 5,Intel Core Ultra 9 15700H,Intel Arc A750M,32,2048,False,1.4,13.3,110,102.05
Lenovo,ThinkBook 14s,Intel Core Ultra 9 15700H,NVIDIA RTX 4070,32,512,False,2.25,16.0,110,142.63
Asus,ZenBook 14,Intel Core Ultra 7 15500H,Intel Arc A750M,8,1024,True,2.89,18.4,100,77.82
Dell,XPS 13,Intel i7-14700H,NVIDIA RTX 4060,128,2048,True,2.65,18.4,120,170.94
Asus,VivoBook S15,AMD Ryzen 7 8800H,NVIDIA RTX 4060,128,512,False,2.31,16.0,100,220.16
Asus,ZenBook 14,Intel i9-14900HK,NVIDIA RTX 4070,64,4096,False,2.02,15.6,100,251.41
Acer,Nitro 5,AMD Ryzen 9 8900HX,NVIDIA RTX 4080,64,256,False,1.93,16.0,80,180.38
Microsoft,Surface Book 3,Intel i7-14800H,NVIDIA RTX 4070,32,1024,True,2.46,15.6,100,199.39
HP,Pavilion 15,Intel i9-14900HK,NVIDIA RTX 4070,16,4096,False,3.09,18.4,90,224.53
Acer,Aspire 5,Intel Core Ultra 7 15500H,Intel Arc A750M,8,256,False,2.29,16.0,80,81.58
Microsoft,Surface Laptop Studio,Intel i5-14600H,Intel Iris Xe,8,1024,False,2.0,16.0,100,76.82
Asus,VivoBook S15,Intel i9-14900HK,NVIDIA RTX 4080,16,4096,False,1.01,13.3,100,182.88
HP,Spectre x360,AMD Ryzen 7 8800H,NVIDIA RTX 4060,128,2048,True,2.87,17.3,90,205.13
Asus,ExpertBook B9,Intel i7-14800H,NVIDIA RTX 4060,64,256,False,2.06,15.6,100,156.46
Asus,ROG Zephyrus G15,Intel i7-14800H,NVIDIA RTX 4060,64,1024,True,1.68,15.6,100,168.26
Dell,Inspiron 15,Intel i7-14700H,NVIDIA RTX 4070,16,1024,True,2.05,15.6,120,136.02
Acer,Swift 3,Intel i5-14600H,NVIDIA RTX 4050,32,256,False,1.58,15.6,80,133.11
Asus,ExpertBook B9,Intel i7-14700H,NVIDIA RTX 4070,64,512,True,3.23,18.4,100,152.66
Asus,ExpertBook B9,Intel i5-14600H,NVIDIA RTX 4050,64,512,False,1.47,14.0,100,107.66
Dell,Latitude 7420,Intel i7-14700H,NVIDIA RTX 4070,64,2048,False,3.25,17.3,120,216.08
Asus,ZenBook 14,Intel Core Ultra 7 15500H,NVIDIA RTX 4070,64,1024,False,3.08,18.4,100,134.22
Dell,Latitude 7420,AMD Ryzen 5 8600H,NVIDIA RTX 4050,16,512,True,1.03,13.3,120,118.15
Microsoft,Surface Pro 8,Intel i7-14800H,NVIDIA RTX 4080,64,1024,False,1.41,13.3,100,234.81
Lenovo,Legion 5,Intel i5-14500H,NVIDIA RTX 4050,8,4096,False,2.64,17.3,110,104.68
Microsoft,Surface Go 3,Intel i7-14700H,NVIDIA RTX 4070,8,1024,False,1.73,16.0,100,177.55
Microsoft,Surface Pro 8,Intel i9-14900HK,NVIDIA RTX 4080,8,4096,False,2.43,16.0,100,177.18
Microsoft,Surface Go 3,AMD Ryzen 9 8900HX,AMD Radeon 780M,64,2048,True,2.15,16.0,100,177.41
Acer,TravelMate P6,Intel i7-14700H,NVIDIA RTX 4060,32,512,True,2.32,15.6,80,124.86
HP,Omen 15,Intel i5-14600H,NVIDIA RTX 4050,8,256,True,2.24,15.6,90,91.48
Dell,XPS 13,Intel i7-14800H,NVIDIA RTX 4080,128,1024,True,1.34,13.3,120,279.05
Lenovo,ThinkBook 14s,AMD Ryzen 9 8900HX,NVIDIA RTX 4070,128,512,True,1.02,14.0,110,234.91
Lenovo,Yoga Slim 7,Intel i5-14500H,Intel Iris Xe,64,256,True,3.0,18.4,110,101.38
Lenovo,ThinkBook 14s,Intel i5-14500H,NVIDIA RTX 3050,8,2048,True,1.3,13.3,110,86.44
Microsoft,Surface Book 3,AMD Ryzen 5 8600H,NVIDIA RTX 4050,16,4096,True,2.08,15.6,100,159.43
Asus,ROG Zephyrus G15,Intel Core Ultra 7 15500H,NVIDIA RTX 4060,8,4096,False,2.12,16.0,100,112.18
HP,Omen 15,Intel i5-14500H,NVIDIA RTX 4050,128,256,False,1.05,13.3,90,163.18
Microsoft,Surface Go 3,Intel i9-14900HK,NVIDIA RTX 4070,128,256,True,3.29,17.3,100,230.38
Lenovo,Yoga Slim 7,Intel i5-14600H,NVIDIA RTX 4050,16,4096,True,1.13,14.0,110,116.38
Lenovo,IdeaPad 5,Intel i5-14600H,NVIDIA RTX 4050,32,512,False,1.58,16.0,110,134.9
Microsoft,Surface Laptop Studio,AMD Ryzen 7 8800H,AMD Radeon 780M,128,256,False,3.18,18.4,100,143.48
HP,Spectre x360,Intel i5-14500H,NVIDIA RTX 3050,64,2048,False,3.35,18.4,90,146.08
Microsoft,Surface Book 3,Intel i7-14800H,NVIDIA RTX 4060,16,512,True,1.83,15.6,100,165.84
Lenovo,IdeaPad 5,Intel i7-14800H,NVIDIA RTX 4070,128,256,False,1.33,13.3,110,237.27
Dell,Alienware M15,Intel i7-14800H,NVIDIA RTX 4070,128,256,True,3.09,17.3,120,176.98
Microsoft,Surface Book 3,Intel Core Ultra 9 15700H,Intel Arc A750M,32,2048,False,1.32,13.3,100,102.05
Dell,XPS 15,Intel i9-14900HK,NVIDIA RTX 4070,16,1024,False,1.44,13.3,120,200.93
Asus,TUF Gaming F15,Intel i9-14900HK,NVIDIA RTX 4080,32,1024,False,1.02,13.3,100,208.7
Lenovo,ThinkPad X1 Carbon,Intel i9-14900HK,NVIDIA RTX 4070,128,512,True,2.33,15.6,110,270.56
Dell,XPS 15,Intel Core Ultra 9 15700H,NVIDIA RTX 4070,32,2048,True,3.11,18.4,120,132.54
Dell,XPS 13,Intel i5-14500H,NVIDIA RTX 4050,8,512,True,2.64,18.4,120,129.86
Acer,Predator Helios 300,Intel i5-14500H,Intel Iris Xe,128,256,True,2.45,16.0,80,152.38
Lenovo,IdeaPad 5,AMD Ryzen 7 8800H,NVIDIA RTX 4070,32,1024,True,3.13,18.4,110,170.9
Asus,VivoBook S15,Intel i5-14600H,NVIDIA RTX 3050,16,256,False,1.04,14.0,100,78.68
Microsoft,Surface Laptop Studio,Intel i5-14600H,Intel Iris Xe,64,512,False,1.19,13.3,100,138.82
HP,EliteBook 840,Intel i5-14500H,NVIDIA RTX 4050,8,2048,True,1.54,15.6,90,140.62
Lenovo,ThinkPad X1 Carbon,Intel Core Ultra 9 15700H,Intel Arc A750M,64,4096,False,1.9,16.0,110,131.5
Dell,XPS 13,Intel i7-14800H,NVIDIA RTX 4070,64,4096,False,1.73,16.0,120,230.41
Microsoft,Surface Go 3,Intel i7-14800H,NVIDIA RTX 4060,8,1024,False,2.2,15.6,100,156.55
Microsoft,Surface Laptop Studio,Intel Core Ultra 9 15700H,NVIDIA RTX 4070,16,4096,True,1.37,13.3,100,134.88
Asus,VivoBook S15,Intel i5-14500H,Intel Iris Xe,16,256,False,1.63,16.0,100,91.42
Lenovo,IdeaPad 5,AMD Ryzen 7 8800H,AMD Radeon 780M,8,2048,False,1.44,14.0,110,123.53
Lenovo,IdeaPad 5,Intel i9-14900HK,NVIDIA RTX 4070,32,512,False,2.1,16.0,110,178.63
Asus,VivoBook S15,AMD Ryzen 9 8900HX,NVIDIA RTX 4070,128,1024,True,1.23,14.0,100,237.98
HP,Omen 15,AMD Ryzen 7 8800H,NVIDIA RTX 4060,32,256,True,2.19,16.0,90,148.3
Dell,XPS 15,Intel i5-14600H,NVIDIA RTX 3050,128,256,True,1.33,14.0,120,125.48
Microsoft,Surface Book 3,Intel i7-14800H,NVIDIA RTX 4060,128,1024,True,1.84,15.6,100,232.15
Lenovo,ThinkBook 14s,Intel Core Ultra 7 15500H,Intel Arc A750M,32,4096,True,2.46,15.6,110,102.78
Dell,Latitude 7420,Intel i5-14500H,NVIDIA RTX 3050,16,1024,False,2.89,17.3,120,80.02
Asus,TUF Gaming F15,Intel i7-14700H,NVIDIA RTX 4070,64,2048,False,2.78,17.3,100,185.21
Lenovo,Legion 5,AMD Ryzen 9 8900HX,AMD Radeon 780M,16,256,False,1.28,13.3,110,139.42
HP,Omen 15,Intel Core Ultra 9 15700H,Intel Arc A750M,16,512,True,2.83,18.4,90,78.46
HP,Envy 13,AMD Ryzen 9 8900HX,NVIDIA RTX 4070,128,1024,False,1.01,14.0,90,192.32
Asus,ROG Zephyrus G15,AMD Ryzen 5 8600H,NVIDIA RTX 4050,64,256,True,3.42,18.4,100,159.43
Dell,Latitude 7420,Intel Core Ultra 7 15500H,Intel Arc A750M,8,512,True,1.03,14.0,120,93.31
Dell,Alienware M15,Intel i5-14500H,NVIDIA RTX 4050,64,512,True,1.11,14.0,120,117.66
Asus,ZenBook 14,AMD Ryzen 7 8800H,NVIDIA RTX 4060,32,512,False,1.21,14.0,100,169.9
Microsoft,Surface Pro 8,Intel i9-14900HK,NVIDIA RTX 4080,32,256,True,1.01,13.3,100,211.3
Lenovo,ThinkPad X1 Carbon,AMD Ryzen 5 8600H,AMD Radeon 680M,64,4096,False,2.03,16.0,110,114.58
Dell,Latitude 7420,Intel i5-14500H,NVIDIA RTX 3050,8,256,False,3.13,18.4,120,87.58
Asus,ROG Zephyrus G15,Intel i9-14900HK,NVIDIA RTX 4070,128,4096,True,1.78,15.6,100,253.42
Dell,Latitude 7420,AMD Ryzen 7 8800H,NVIDIA RTX 4060,64,1024,True,2.22,16.0,120,140.22
HP,Envy 13,Intel i5-14500H,Intel Iris Xe,16,256,False,2.44,16.0,90,106.65
Microsoft,Surface Book 3,AMD Ryzen 9 8900HX,NVIDIA RTX 4070,64,1024,True,1.24,14.0,100,172.72
Microsoft,Surface Book 3,Intel i5-14600H,NVIDIA RTX 3050,64,256,False,1.61,15.6,100,114.46
Microsoft,Surface Book 3,AMD Ryzen 7 8800H,AMD Radeon 780M,128,2048,True,1.06,14.0,100,193.13
HP,Pavilion 15,AMD Ryzen 9 8900HX,NVIDIA RTX 4070,32,512,True,1.22,13.3,90,220.3
Microsoft,Surface Go 3,Intel i5-14500H,Intel Iris Xe,32,256,True,2.39,16.0,100,124.01
Lenovo,ThinkBook 14s,AMD Ryzen 7 8800H,NVIDIA RTX 4070,32,256,True,2.01,16.0,110,166.3
HP,EliteBook 840,Intel i9-14900HK,NVIDIA RTX 4080,16,512,True,3.1,18.4,90,202.15
Microsoft,Surface Pro 8,AMD Ryzen 5 8600H,NVIDIA RTX 4050,32,512,True,2.14,16.0,100,122.83
HP,Pavilion 15,AMD Ryzen 5 8600H,NVIDIA RTX 4050,32,256,False,1.17,13.3,90,136.61
Microsoft,Surface Laptop 5,Intel Core Ultra 7 15500H,NVIDIA RTX 4070,128,2048,False,1.34,14.0,100,163.44
HP,Pavilion 15,AMD Ryzen 5 8600H,NVIDIA RTX 3050,32,2048,False,2.22,16.0,90,128.16
Lenovo,IdeaPad 5,AMD Ryzen 7 8800H,NVIDIA RTX 4070,8,1024,True,1.06,13.3,110,189.45
Acer,Predator Helios 300,Intel i9-14900HK,NVIDIA RTX 4070,8,2048,True,3.13,18.4,80,152.94
Asus,ROG Zephyrus G15,Intel i9-14900HK,NVIDIA RTX 4080,32,1024,True,1.99,15.6,100,248.39
Lenovo,Legion 5,Intel i7-14700H,NVIDIA RTX 4070,128,512,True,1.1,14.0,110,216.91
Acer,Swift 3,Intel i5-14600H,NVIDIA RTX 3050,32,2048,False,1.34,14.0,80,90.04
HP,Pavilion 15,Intel i5-14600H,NVIDIA RTX 4050,64,256,False,2.61,17.3,90,129.46
Acer,Aspire 5,Intel Core Ultra 9 15700H,NVIDIA RTX 4070,8,2048,True,1.48,13.3,80,145.73
HP,EliteBook 840,AMD Ryzen 5 8600H,NVIDIA RTX 3050,128,4096,True,1.9,15.6,90,146.18
Acer,Predator Helios 300,AMD Ryzen 5 8600H,NVIDIA RTX 3050,8,2048,False,1.47,13.3,80,112.62
Lenovo,ThinkBook 14s,Intel Core Ultra 7 15500H,Intel Arc A750M,16,512,False,3.35,18.4,110,101.44
Microsoft,Surface Laptop 5,AMD Ryzen 9 8900HX,NVIDIA RTX 4080,128,256,True,1.49,14.0,100,210.48
Microsoft,Surface Laptop Studio,AMD Ryzen 5 8600H,AMD Radeon 680M,32,2048,False,1.28,14.0,100,94.04
Microsoft,Surface Go 3,AMD Ryzen 5 8600H,AMD Radeon 680M,64,2048,True,1.56,15.6,100,110.34
Microsoft,Surface Pro 8,Intel i7-14700H,NVIDIA RTX 4070,128,256,True,1.26,13.3,100,179.48
Lenovo,IdeaPad 5,Intel i9-14900HK,NVIDIA RTX 4070,32,256,True,1.4,13.3,110,212.91
Acer,Swift 3,AMD Ryzen 9 8900HX,NVIDIA RTX 4080,16,2048,False,2.84,18.4,80,170.14
HP,Omen 15,Intel i7-14800H,NVIDIA RTX 4070,64,256,False,2.13,16.0,90,145.38
Asus,TUF Gaming F15,Intel Core Ultra 9 15700H,NVIDIA RTX 4070,16,512,True,1.05,13.3,100,145.15
Lenovo,IdeaPad 5,Intel i5-14600H,NVIDIA RTX 4050,64,1024,True,1.95,16.0,110,141.26
HP,Envy 13,AMD Ryzen 5 8600H,NVIDIA RTX 4050,32,512,False,2.16,15.6,90,134.9
Lenovo,IdeaPad 5,Intel i9-14900HK,NVIDIA RTX 4080,16,1024,False,1.44,14.0,110,163.52
Dell,Inspiron 15,Intel i7-14700H,NVIDIA RTX 4070,32,4096,True,1.05,13.3,120,224.39
HP,Spectre x360,Intel Core Ultra 7 15500H,NVIDIA RTX 4070,64,2048,False,3.06,17.3,90,167.21
Microsoft,Surface Go 3,AMD Ryzen 9 8900HX,NVIDIA RTX 4070,8,256,True,1.44,14.0,100,142.48
Asus,ExpertBook B9,Intel i7-14800H,NVIDIA RTX 4070,16,4096,True,1.76,15.6,100,151.38
Dell,Inspiron 15,AMD Ryzen 5 8600H,AMD Radeon 680M,16,256,True,1.91,16.0,120,98.62
Lenovo,Legion 5,Intel Core Ultra 7 15500H,Intel Arc A750M,32,1024,False,3.03,17.3,110,113.99
Dell,Latitude 7420,Intel Core Ultra 9 15700H,NVIDIA RTX 4080,128,256,True,1.2,14.0,120,184.48
Lenovo,IdeaPad 5,Intel Core Ultra 9 15700H,NVIDIA RTX 4070,8,2048,True,1.63,16.0,110,172.12
Microsoft,Surface Book 3,AMD Ryzen 9 8900HX,NVIDIA RTX 4070,128,256,False,1.96,15.6,100,260.37
Asus,TUF Gaming F15,AMD Ryzen 7 8800H,AMD Radeon 780M,8,1024,True,2.79,18.4,100,147.45
Acer,Predator Helios 300,Intel i7-14800H,NVIDIA RTX 4070,8,1024,True,1.31,14.0,80,183.85
Lenovo,IdeaPad 5,Intel i9-14900HK,NVIDIA RTX 4070,32,256,True,2.18,15.6,110,153.58
HP,Envy 13,Intel Core Ultra 7 15500H,NVIDIA RTX 4060,64,1024,False,1.77,16.0,90,166.91
Microsoft,Surface Book 3,Intel i9-14900HK,NVIDIA RTX 4080,16,256,False,3.32,17.3,100,161.18
HP,Omen 15,Intel i9-14900HK,NVIDIA RTX 4080,128,256,False,1.78,16.0,90,288.37
Lenovo,Legion 5,Intel i7-14700H,NVIDIA RTX 4070,128,512,True,1.27,13.3,110,216.91
HP,Spectre x360,AMD Ryzen 5 8600H,NVIDIA RTX 4050,128,4096,False,3.15,17.3,90,183.22
Lenovo,IdeaPad 5,Intel Core Ultra 9 15700H,NVIDIA RTX 4070,32,512,False,1.48,14.0,110,117.36
Lenovo,Yoga Slim 7,AMD Ryzen 5 8600H,NVIDIA RTX 3050,8,512,False,1.9,16.0,110,89.11
Acer,Aspire 5,Intel Core Ultra 7 15500H,Intel Arc A750M,128,256,False,1.35,14.0,80,114.48
Lenovo,Legion 5,Intel Core Ultra 9 15700H,Intel Arc A750M,64,4096,False,2.58,17.3,110,153.41
Lenovo,IdeaPad 5,Intel i7-14700H,NVIDIA RTX 4060,32,4096,False,2.95,18.4,110,191.49
HP,Spectre x360,Intel i5-14600H,Intel Iris Xe,8,256,False,1.05,14.0,90,105.67
Dell,Inspiron 15,Intel i7-14800H,NVIDIA RTX 4070,128,512,False,1.01,14.0,120,174.76
Dell,Alienware M15,Intel Core Ultra 7 15500H,NVIDIA RTX 4060,8,4096,True,2.59,18.4,120,141.82
Acer,Nitro 5,Intel i9-14900HK,NVIDIA RTX 4080,32,512,False,2.79,18.4,80,202.63
Acer,Predator Helios 300,Intel i7-14700H,NVIDIA RTX 4070,32,2048,True,1.96,16.0,80,177.05
Lenovo,IdeaPad 5,Intel i5-14600H,NVIDIA RTX 3050,16,256,True,1.92,16.0,110,82.18
Microsoft,Surface Laptop Studio,AMD Ryzen 9 8900HX,NVIDIA RTX 4080,16,512,True,1.88,15.6,100,235.84
Asus,ROG Zephyrus G15,AMD Ryzen 5 8600H,AMD Radeon 680M,8,1024,True,1.43,13.3,100,113.85
Acer,Aspire 5,AMD Ryzen 5 8600H,AMD Radeon 680M,32,512,True,3.27,17.3,80,89.86
Acer,Nitro 5,Intel i5-14500H,NVIDIA RTX 3050,64,4096,False,1.94,15.6,80,160.41
Microsoft,Surface Laptop Studio,Intel Core Ultra 9 15700H,Intel Arc A750M,64,2048,False,1.35,14.0,100,117.41
Asus,ZenBook 14,AMD Ryzen 7 8800H,AMD Radeon 780M,16,4096,False,3.05,18.4,100,141.46
Dell,Latitude 7420,Intel i5-14500H,NVIDIA RTX 4050,8,1024,True,2.53,17.3,120,114.38
Lenovo,Legion 5,AMD Ryzen 7 8800H,NVIDIA RTX 4060,32,512,False,1.04,14.0,110,121.36
Dell,XPS 13,AMD Ryzen 9 8900HX,NVIDIA RTX 4080,64,4096,True,1.09,14.0,120,208.08
Asus,ExpertBook B9,Intel i5-14600H,NVIDIA RTX 4050,8,256,False,3.19,18.4,100,85.48
Dell,Alienware M15,Intel i7-14800H,NVIDIA RTX 4070,64,2048,False,2.37,16.0,120,216.08
Lenovo,ThinkPad X1 Carbon,AMD Ryzen 7 8800H,NVIDIA RTX 4070,8,1024,True,2.7,17.3,110,132.82
Dell,Latitude 7420,AMD Ryzen 5 8600H,AMD Radeon 680M,8,256,True,3.26,17.3,120,110.57
HP,Envy 13,AMD Ryzen 7 8800H,NVIDIA RTX 4060,16,4096,True,3.36,18.4,90,190.93
Dell,XPS 15,Intel Core Ultra 7 15500H,NVIDIA RTX 4060,8,1024,True,1.32,14.0,120,101.32
Acer,Predator Helios 300,Intel i7-14800H,NVIDIA RTX 4070,8,512,False,1.18,13.3,80,152.11
Acer,Nitro 5,Intel i5-14600H,NVIDIA RTX 4050,128,1024,True,1.3,13.3,80,170.18
Dell,XPS 15,Intel i7-14700H,NVIDIA RTX 4060,16,512,True,3.25,18.4,120,118.46
HP,Omen 15,AMD Ryzen 5 8600H,NVIDIA RTX 4050,64,1024,True,3.11,17.3,90,117.72
Acer,Nitro 5,AMD Ryzen 9 8900HX,NVIDIA RTX 4070,64,512,True,3.0,17.3,80,167.66
Microsoft,Surface Pro 8,Intel Core Ultra 7 15500H,Intel Arc A750M,16,4096,False,1.73,15.6,100,90.38
HP,EliteBook 840,AMD Ryzen 9 8900HX,NVIDIA RTX 4070,128,1024,True,2.04,15.6,90,274.15
Microsoft,Surface Laptop Studio,Intel i5-14500H,Intel Iris Xe,16,2048,False,3.04,17.3,100,119.2
Microsoft,Surface Laptop 5,Intel Core Ultra 7 15500H,NVIDIA RTX 4060,16,256,False,1.14,14.0,100,118.42
Acer,Predator Helios 300,Intel i7-14700H,NVIDIA RTX 4060,16,1024,True,1.1,14.0,80,123.52
Lenovo,Legion 5,Intel i9-14900HK,NVIDIA RTX 4080,128,512,True,3.26,18.4,110,298.56
Acer,Predator Helios 300,Intel i5-14500H,NVIDIA RTX 3050,128,1024,False,1.39,14.0,80,172.65
Acer,Predator Helios 300,Intel i7-14800H,NVIDIA RTX 4060,32,1024,True,2.91,18.4,80,178.39
Acer,Predator Helios 300,Intel i7-14700H,NVIDIA RTX 4070,8,4096,True,1.18,13.3,80,210.95
Dell,Latitude 7420,AMD Ryzen 7 8800H,NVIDIA RTX 4070,128,1024,True,1.33,13.3,120,215.18
Dell,Alienware M15,Intel i7-14700H,NVIDIA RTX 4070,64,2048,True,1.59,16.0,120,192.41
Asus,TUF Gaming F15,AMD Ryzen 9 8900HX,NVIDIA RTX 4080,16,1024,True,1.19,13.3,100,242.93
Lenovo,ThinkPad X1 Carbon,AMD Ryzen 5 8600H,NVIDIA RTX 3050,128,4096,False,3.33,18.4,110,196.25
Asus,ExpertBook B9,Intel i7-14700H,NVIDIA RTX 4060,16,512,False,2.32,15.6,100,134.95
Lenovo,ThinkPad X1 Carbon,Intel Core Ultra 7 15500H,Intel Arc A750M,8,1024,False,1.47,14.0,110,84.38
Acer,Nitro 5,Intel Core Ultra 9 15700H,NVIDIA RTX 4080,32,1024,True,1.18,14.0,80,209.89
Microsoft,Surface Go 3,Intel i7-14800H,NVIDIA RTX 4060,32,256,True,1.06,13.3,100,126.08
Asus,TUF Gaming F15,Intel i5-14500H,NVIDIA RTX 4050,64,256,False,2.03,16.0,100,129.46
Lenovo,Yoga Slim 7,Intel i7-14800H,NVIDIA RTX 4070,128,256,True,3.35,17.3,110,247.77
Lenovo,ThinkPad X1 Carbon,AMD Ryzen 9 8900HX,AMD Radeon 780M,32,512,False,1.46,14.0,110,167.8
Lenovo,Legion 5,Intel i9-14900HK,NVIDIA RTX 4070,32,1024,False,1.39,13.3,110,209.89
Asus,VivoBook S15,Intel i5-14600H,NVIDIA RTX 3050,8,256,False,3.37,17.3,100,72.98
Lenovo,ThinkBook 14s,Intel i5-14600H,NVIDIA RTX 4050,32,512,False,1.13,14.0,110,138.4
Asus,VivoBook S15,Intel i9-14900HK,NVIDIA RTX 4080,8,1024,False,1.82,16.0,100,194.18
Lenovo,ThinkBook 14s,AMD Ryzen 5 8600H,NVIDIA RTX 4050,128,1024,True,2.56,17.3,110,200.65
Dell,XPS 15,AMD Ryzen 5 8600H,NVIDIA RTX 4050,8,4096,False,2.95,17.3,120,104.68
Dell,XPS 15,Intel i7-14800H,NVIDIA RTX 4060,16,512,False,2.91,18.4,120,157.44
Microsoft,Surface Go 3,Intel i9-14900HK,NVIDIA RTX 4070,8,256,True,2.46,15.6,100,201.57
Lenovo,ThinkPad X1 Carbon,Intel i9-14900HK,NVIDIA RTX 4070,64,512,True,1.27,13.3,110,204.19
Microsoft,Surface Book 3,AMD Ryzen 7 8800H,NVIDIA RTX 4060,64,2048,False,2.1,16.0,100,167.21
Asus,ZenBook 14,Intel Core Ultra 9 15700H,NVIDIA RTX 4080,64,4096,True,1.18,13.3,100,213.7
Asus,TUF Gaming F15,AMD Ryzen 9 8900HX,AMD Radeon 780M,16,4096,False,3.32,17.3,100,186.03
Acer,TravelMate P6,Intel Core Ultra 7 15500H,NVIDIA RTX 4070,64,1024,False,2.19,16.0,80,161.06
HP,Omen 15,Intel Core Ultra 7 15500H,Intel Arc A750M,64,1024,False,2.19,15.6,90,94.22
Lenovo,IdeaPad 5,AMD Ryzen 9 8900HX,AMD Radeon 780M,128,1024,True,3.37,17.3,110,235.65
Dell,XPS 15,Intel i7-14700H,NVIDIA RTX 4070,64,4096,True,1.4,14.0,120,169.08
Lenovo,Legion 5,AMD Ryzen 5 8600H,NVIDIA RTX 4050,16,4096,True,1.86,15.6,110,136.66
Dell,Alienware M15,Intel i5-14600H,NVIDIA RTX 4050,8,256,False,1.23,13.3,120,105.58
Lenovo,IdeaPad 5,Intel i9-14900HK,NVIDIA RTX 4080,128,256,True,3.01,18.4,110,254.38
Lenovo,ThinkBook 14s,Intel Core Ultra 9 15700H,Intel Arc A750M,128,256,False,3.46,17.3,110,115.98
Acer,TravelMate P6,Intel Core Ultra 9 15700H,NVIDIA RTX 4080,8,1024,False,1.22,13.3,80,161.18
HP,Pavilion 15,Intel Core Ultra 9 15700H,Intel Arc A750M,128,2048,False,3.11,17.3,90,124.94
Dell,Inspiron 15,AMD Ryzen 9 8900HX,AMD Radeon 780M,32,4096,True,1.37,14.0,120,172.54
Acer,Nitro 5,AMD Ryzen 9 8900HX,AMD Radeon 780M,32,1024,True,1.45,14.0,80,179.79
Microsoft,Surface Go 3,Intel Core Ultra 7 15500H,Intel Arc A750M,128,4096,True,3.28,17.3,100,141.18
Microsoft,Surface Book 3,Intel i5-14500H,NVIDIA RTX 3050,64,2048,True,2.94,17.3,100,110.34
HP,Spectre x360,Intel i5-14500H,Intel Iris Xe,16,4096,False,2.5,15.6,90,133.53
Acer,Nitro 5,Intel i5-14500H,Intel Iris Xe,8,1024,False,1.2,14.0,80,111.05
Asus,TUF Gaming F15,Intel Core Ultra 7 15500H,NVIDIA RTX 4070,128,2048,False,3.26,17.3,100,197.93
Acer,TravelMate P6,Intel i7-14800H,NVIDIA RTX 4070,64,4096,False,2.23,16.0,80,230.41
Lenovo,Yoga Slim 7,AMD Ryzen 5 8600H,NVIDIA RTX 3050,128,2048,True,1.47,14.0,110,134.44
Dell,Latitude 7420,AMD Ryzen 5 8600H,AMD Radeon 680M,16,256,False,3.08,18.4,120,76.18
Dell,XPS 13,AMD Ryzen 7 8800H,NVIDIA RTX 4060,128,1024,True,1.48,13.3,120,197.18
Dell,XPS 15,Intel i9-14900HK,NVIDIA RTX 4080,8,4096,False,2.7,18.4,120,248.05
Dell,XPS 15,Intel i5-14600H,Intel Iris Xe,64,1024,False,2.79,17.3,120,99.22
Acer,Nitro 5,Intel i7-14800H,NVIDIA RTX 4080,8,1024,True,3.01,17.3,80,152.82
Asus,ROG Zephyrus G15,Intel i9-14900HK,NVIDIA RTX 4080,128,512,False,2.75,18.4,100,207.26
Microsoft,Surface Go 3,AMD Ryzen 7 8800H,AMD Radeon 780M,64,1024,True,1.19,14.0,100,130.22
HP,Pavilion 15,AMD Ryzen 5 8600H,NVIDIA RTX 3050,128,512,False,1.12,14.0,90,149.71
Asus,ZenBook 14,AMD Ryzen 5 8600H,NVIDIA RTX 4050,16,1024,False,1.17,13.3,100,133.03
Lenovo,Legion 5,Intel i7-14800H,NVIDIA RTX 4080,32,512,False,1.37,13.3,110,182.83
Asus,VivoBook S15,AMD Ryzen 5 8600H,NVIDIA RTX 3050,16,4096,False,2.66,17.3,100,95.38
Acer,Predator Helios 300,AMD Ryzen 5 8600H,NVIDIA RTX 4050,64,512,True,1.34,14.0,80,113.66
Asus,VivoBook S15,Intel i5-14500H,Intel Iris Xe,64,4096,True,1.28,14.0,100,123.08
HP,Spectre x360,Intel i5-14600H,NVIDIA RTX 4050,8,256,False,1.32,14.0,90,100.78
Dell,Alienware M15,Intel Core Ultra 9 15700H,NVIDIA RTX 4080,64,512,True,2.77,18.4,120,220.72
Asus,ExpertBook B9,AMD Ryzen 7 8800H,NVIDIA RTX 4070,128,4096,True,2.23,15.6,100,274.65
Acer,Swift 3,Intel i7-14800H,NVIDIA RTX 4080,64,1024,False,2.81,17.3,80,169.22
Microsoft,Surface Laptop Studio,AMD Ryzen 5 8600H,AMD Radeon 680M,64,4096,True,2.3,16.0,100,168.81
Microsoft,Surface Pro 8,AMD Ryzen 5 8600H,AMD Radeon 680M,8,512,True,2.41,16.0,100,112.36
HP,Spectre x360,AMD Ryzen 5 8600H,AMD Radeon 680M,8,1024,True,2.77,18.4,90,99.38
Lenovo,Legion 5,Intel Core Ultra 7 15500H,NVIDIA RTX 4060,8,4096,True,2.57,17.3,110,118.18
Dell,XPS 13,Intel i5-14500H,NVIDIA RTX 4050,128,256,False,2.75,18.4,120,186.87
Microsoft,Surface Book 3,AMD Ryzen 9 8900HX,AMD Radeon 780M,16,256,True,1.16,13.3,100,146.62
Dell,Latitude 7420,Intel i7-14800H,NVIDIA RTX 4080,32,4096,True,2.16,15.6,120,177.78
Microsoft,Surface Book 3,Intel i7-14800H,NVIDIA RTX 4080,32,256,True,1.85,15.6,100,158.58
Asus,ROG Zephyrus G15,Intel i9-14900HK,NVIDIA RTX 4070,128,256,True,1.24,13.3,100,194.48
HP,EliteBook 840,Intel Core Ultra 9 15700H,NVIDIA RTX 4070,128,4096,True,2.12,16.0,90,253.65
Microsoft,Surface Pro 8,AMD Ryzen 9 8900HX,AMD Radeon 780M,8,2048,False,1.19,14.0,100,121.94
HP,Omen 15,Intel i7-14700H,NVIDIA RTX 4070,64,256,False,1.16,13.3,90,177.46
Lenovo,Yoga Slim 7,Intel i7-14700H,NVIDIA RTX 4070,64,512,False,2.11,16.0,110,175.99
Asus,ExpertBook B9,AMD Ryzen 5 8600H,AMD Radeon 680M,32,256,False,1.17,14.0,100,85.08
Lenovo,Yoga Slim 7,Intel i7-14800H,NVIDIA RTX 4070,16,4096,False,1.04,14.0,110,207.03
Lenovo,Legion 5,Intel i7-14800H,NVIDIA RTX 4060,128,512,False,3.24,18.4,110,220.16
Dell,Alienware M15,Intel i7-14800H,NVIDIA RTX 4070,128,256,True,2.26,15.6,120,176.98
Lenovo,IdeaPad 5,Intel Core Ultra 9 15700H,NVIDIA RTX 4080,16,1024,True,1.31,13.3,110,195.33
Dell,XPS 15,Intel i7-14800H,NVIDIA RTX 4070,64,256,False,1.05,14.0,120,177.46
Acer,Swift 3,Intel i5-14600H,NVIDIA RTX 4050,128,1024,False,1.25,13.3,80,167.78
Dell,XPS 15,Intel Core Ultra 9 15700H,NVIDIA RTX 4070,64,512,False,1.71,16.0,120,184.32
HP,Spectre x360,Intel Core Ultra 9 15700H,NVIDIA RTX 4070,128,1024,False,1.15,13.3,90,194.78
Microsoft,Surface Laptop Studio,Intel i7-14800H,NVIDIA RTX 4080,8,256,False,1.55,16.0,100,200.17
Lenovo,ThinkBook 14s,Intel i9-14900HK,NVIDIA RTX 4080,8,2048,False,2.55,17.3,110,233.72
Asus,VivoBook S15,Intel i7-14800H,NVIDIA RTX 4070,128,512,True,2.96,17.3,100,249.56
Acer,TravelMate P6,Intel i7-14700H,NVIDIA RTX 4070,128,4096,True,1.72,16.0,80,196.18
Asus,ExpertBook B9,Intel i5-14600H,NVIDIA RTX 4050,64,2048,True,1.12,14.0,100,175.48
Dell,Alienware M15,AMD Ryzen 7 8800H,NVIDIA RTX 4070,128,2048,False,3.0,17.3,120,179.94
Acer,Aspire 5,Intel Core Ultra 7 15500H,NVIDIA RTX 4070,64,256,True,2.6,18.4,80,190.93
Asus,VivoBook S15,Intel i7-14800H,NVIDIA RTX 4070,64,256,True,1.51,16.0,100,181.66
Microsoft,Surface Go 3,AMD Ryzen 7 8800H,AMD Radeon 780M,16,1024,True,1.22,13.3,100,133.22
Asus,VivoBook S15,Intel i7-14700H,NVIDIA RTX 4060,64,256,True,1.36,13.3,100,161.86
Dell,Alienware M15,AMD Ryzen 7 8800H,NVIDIA RTX 4070,64,512,False,2.81,17.3,120,205.32
Lenovo,ThinkPad X1 Carbon,Intel i7-14700H,NVIDIA RTX 4070,8,2048,False,2.46,15.6,110,158.33
Dell,Alienware M15,AMD Ryzen 7 8800H,NVIDIA RTX 4060,16,4096,False,3.32,18.4,120,130.38
Dell,Latitude 7420,Intel Core Ultra 7 15500H,NVIDIA RTX 4060,8,2048,True,2.49,16.0,120,151.12
Asus,VivoBook S15,Intel Core Ultra 7 15500H,NVIDIA RTX 4060,128,1024,False,2.99,17.3,100,173.78
Lenovo,Legion 5,Intel i5-14600H,NVIDIA RTX 4050,64,1024,True,2.17,16.0,110,164.81
Asus,ExpertBook B9,Intel Core Ultra 9 15700H,Intel Arc A750M,8,256,True,2.2,16.0,100,73.98
Lenovo,IdeaPad 5,Intel Core Ultra 7 15500H,Intel Arc A750M,128,256,False,2.09,15.6,110,115.98
Acer,Aspire 5,Intel i7-14700H,NVIDIA RTX 4060,32,4096,False,1.55,16.0,80,164.14
Lenovo,Legion 5,Intel i7-14800H,NVIDIA RTX 4080,64,2048,True,3.32,17.3,110,216.41
Microsoft,Surface Book 3,AMD Ryzen 7 8800H,NVIDIA RTX 4060,64,256,True,3.42,18.4,100,163.66
Acer,TravelMate P6,AMD Ryzen 9 8900HX,NVIDIA RTX 4080,128,1024,False,2.28,15.6,80,293.75
Dell,XPS 15,AMD Ryzen 9 8900HX,NVIDIA RTX 4080,64,1024,True,3.06,17.3,120,266.31
Acer,Predator Helios 300,Intel i7-14700H,NVIDIA RTX 4060,16,2048,True,2.73,17.3,80,126.14
Dell,Inspiron 15,AMD Ryzen 5 8600H,NVIDIA RTX 4050,64,4096,True,1.23,13.3,120,189.81
Asus,ZenBook 14,Intel i5-14500H,Intel Iris Xe,16,4096,False,1.57,15.6,100,133.53
Asus,ROG Zephyrus G15,Intel i7-14800H,NVIDIA RTX 4060,128,4096,True,1.25,14.0,100,257.15
Dell,Latitude 7420,Intel i7-14800H,NVIDIA RTX 4080,8,1024,True,1.98,15.6,120,213.95
Acer,Predator Helios 300,Intel i7-14800H,NVIDIA RTX 4080,64,4096,True,1.8,15.6,80,266.81
HP,Pavilion 15,Intel i9-14900HK,NVIDIA RTX 4070,128,1024,False,1.43,13.3,90,263.65
Acer,Aspire 5,Intel i7-14700H,NVIDIA RTX 4060,64,1024,False,3.17,17.3,80,161.06
Lenovo,IdeaPad 5,AMD Ryzen 9 8900HX,NVIDIA RTX 4080,16,1024,False,3.39,17.3,110,165.02
Acer,Aspire 5,Intel Core Ultra 7 15500H,NVIDIA RTX 4070,128,4096,True,2.24,15.6,80,217.42
Acer,Nitro 5,AMD Ryzen 9 8900HX,NVIDIA RTX 4080,128,256,False,1.45,14.0,80,204.48
Asus,TUF Gaming F15,Intel i5-14500H,NVIDIA RTX 4050,8,1024,False,1.37,14.0,100,122.95
Microsoft,Surface Book 3,Intel i7-14700H,NVIDIA RTX 4060,8,2048,True,1.94,15.6,100,172.12
Dell,Latitude 7420,Intel i9-14900HK,NVIDIA RTX 4080,64,1024,False,3.09,17.3,120,184.22
Acer,Predator Helios 300,Intel i5-14500H,NVIDIA RTX 3050,8,4096,True,1.67,16.0,80,137.45
